[
  {
    "systemName": "Electronic Communications",
    "location": "Wahpeton, ND",
    "county": "Richland",
    "systemType": "LTR Standard",
    "systemVoice": "Analog",
    "lastUpdated": "December 1, 2011, 1:29 pm (Updated General Trunked System Information)",
    "systemID": "7130",
    "state": "North Dakota",
    "sites": [
      {
        "frequencies": [
          {
            "control": false,
            "frequency": 463.2125
          },
          {
            "control": false,
            "frequency": 463.6375
          },
          {
            "control": false,
            "frequency": 464.0875
          },
          {
            "control": false,
            "frequency": 464.5875
          },
          {
            "control": false,
            "frequency": 464.9625
          }
        ],
        "siteCounty": {},
        "site": {
          "systemName": "Electronic Communications",
          "systemLocation": "Wahpeton, North Dakota",
          "siteNumber": "Decimal: 001 / Hex: 1",
          "siteUniqueDBID": "19048",
          "siteDescription": "Wahpeton",
          "siteCountyLocation": "Richland",
          "siteNeighbors": "N/A",
          "siteLocation": "3 M Drive",
          "siteModulation": "Analog: 11K2F3E",
          "siteNotes": "None",
          "latitude": "N 46.28361",
          "longitude": "W -96.61694",
          "range": {
            "distance": 35,
            "units": "miles"
          }
        },
        "siteLink": "/apps/db/?siteId=19048",
        "siteName": "Wahpeton",
        "siteID": 19048
      }
    ],
    "url": "https://www.radioreference.com/apps/db/?sid=7130&opt=all_tg",
    "uniqueIdentifier": "s-7130&opt=all_tg"
  },
  {
    "systemName": "Dakota Communication Service, Inc.",
    "location": "Bismarck, ND",
    "county": "2 counties",
    "systemType": "Motorola Type II Smartnet",
    "systemVoice": "Analog and APCO-25 Common Air Interface",
    "lastUpdated": "April 26, 2014, 3:41 am (Changed Talkgroup Category: All to Talkgroups)",
    "systemID": "4943",
    "state": "North Dakota",
    "sites": [
      {
        "frequencies": [
          {
            "control": false,
            "frequency": 856.0125
          },
          {
            "control": false,
            "frequency": 857.0125
          },
          {
            "control": "PRIMARY",
            "frequency": 858.0125
          },
          {
            "control": false,
            "frequency": 859.0125
          },
          {
            "control": false,
            "frequency": 860.0125
          }
        ],
        "siteCounty": {
          "link": "/apps/db/?ctid=1994",
          "name": "Burleigh"
        },
        "site": {
          "systemName": "Dakota Communication Service, Inc.",
          "systemLocation": "Bismarck, North Dakota",
          "siteNumber": "Decimal: 001 / Hex: 1",
          "siteUniqueDBID": "10069",
          "siteDescription": "Bismarck",
          "siteCountyLocation": "Burleigh",
          "siteNeighbors": "N/A",
          "siteLocation": "16 Street & Divide Avenue",
          "siteModulation": "N/A",
          "siteNotes": "None",
          "siteNac": "N/A",
          "latitude": "N 46.81",
          "longitude": "W -100.83",
          "range": {
            "distance": 25,
            "units": "miles"
          },
          "siteConnectTone": "None"
        },
        "siteLink": "/apps/db/?siteId=10069",
        "siteName": "Bismarck",
        "siteID": 10069
      },
      {
        "frequencies": [
          {
            "control": false,
            "frequency": 856.0375
          },
          {
            "control": false,
            "frequency": 857.0375
          },
          {
            "control": false,
            "frequency": 858.0375
          },
          {
            "control": "PRIMARY",
            "frequency": 859.0375
          },
          {
            "control": false,
            "frequency": 860.0375
          }
        ],
        "siteCounty": {
          "link": "/apps/db/?ctid=2015",
          "name": "Mercer"
        },
        "site": {
          "systemName": "Dakota Communication Service, Inc.",
          "systemLocation": "Bismarck, North Dakota",
          "siteNumber": "Decimal: 002 / Hex: 2",
          "siteUniqueDBID": "10070",
          "siteDescription": "Hazen",
          "siteCountyLocation": "Mercer",
          "siteNeighbors": "N/A",
          "siteLocation": "16 km N of Hazen",
          "siteModulation": "N/A",
          "siteNotes": "None",
          "siteNac": "N/A",
          "latitude": "N 47.29",
          "longitude": "W -101.63",
          "range": {
            "distance": 25,
            "units": "miles"
          },
          "siteConnectTone": "None"
        },
        "siteLink": "/apps/db/?siteId=10070",
        "siteName": "Hazen",
        "siteID": 10070
      }
    ],
    "talkgroups": {
      "Talkgroups": [
        {
          "decimal": "784",
          "mode": "ANALOG",
          "description": "Outdoor Services Inc. (OSI)",
          "tag": "Business",
          "group": "Talkgroups"
        },
        {
          "decimal": "21616",
          "mode": "ANALOG",
          "description": "Waste Management",
          "tag": "Business",
          "group": "Talkgroups"
        },
        {
          "decimal": "24128",
          "mode": "ANALOG",
          "description": "Fertilawn",
          "tag": "Business",
          "group": "Talkgroups"
        },
        {
          "decimal": "24144",
          "mode": "ANALOG",
          "description": "Fertilawn",
          "tag": "Business",
          "group": "Talkgroups"
        },
        {
          "decimal": "42112",
          "mode": "ANALOG",
          "description": "Aggregate Co",
          "tag": "Business",
          "group": "Talkgroups"
        },
        {
          "decimal": "42144",
          "mode": "ANALOG",
          "description": "Aggregate Co",
          "tag": "Business",
          "group": "Talkgroups"
        },
        {
          "decimal": "42160",
          "mode": "ANALOG",
          "description": "Aggregate Co",
          "tag": "Business",
          "group": "Talkgroups"
        },
        {
          "decimal": "42176",
          "mode": "ANALOG",
          "description": "Aggregate Co",
          "tag": "Business",
          "group": "Talkgroups"
        },
        {
          "decimal": "42192",
          "mode": "ANALOG",
          "description": "Aggregate Co",
          "tag": "Business",
          "group": "Talkgroups"
        },
        {
          "decimal": "42208",
          "mode": "ANALOG",
          "description": "Aggregate Co",
          "tag": "Business",
          "group": "Talkgroups"
        },
        {
          "decimal": "42224",
          "mode": "ANALOG",
          "description": "Aggregate Co",
          "tag": "Business",
          "group": "Talkgroups"
        }
      ]
    },
    "url": "https://www.radioreference.com/apps/db/?sid=4943&opt=all_tg",
    "uniqueIdentifier": "s-4943&opt=all_tg"
  },
  {
    "systemName": "Sanford Health",
    "location": "Fargo, ND",
    "county": "Cass",
    "systemType": "DMR Motorola Capacity Plus Multi Site (TRBO)",
    "systemVoice": "DMR",
    "lastUpdated": "July 28, 2017, 12:32 pm (Updated General Trunked System Information)",
    "systemID": "9503",
    "state": "North Dakota",
    "sites": [
      {
        "frequencies": [
          {
            "control": false,
            "frequency": 855.0375
          },
          {
            "control": false,
            "frequency": 855.5125
          }
        ],
        "siteCounty": {},
        "site": {
          "systemName": "Sanford Health",
          "systemLocation": "Fargo, North Dakota",
          "siteNumber": "Decimal: 001 / Hex: 1",
          "siteUniqueDBID": "30257",
          "siteDescription": "Broadway Campus",
          "siteCountyLocation": "Cass",
          "siteNeighbors": "N/A",
          "siteLocation": "720 4th St N",
          "siteModulation": "DMR Digital",
          "siteNotes": "None",
          "latitude": "N 46.85787467640864 (System)",
          "longitude": "W -96.83022308629006 (System)",
          "range": {
            "distance": 10,
            "units": "miles(system)"
          }
        },
        "siteLink": "/apps/db/?siteId=30257",
        "siteName": "Broadway Campus",
        "siteID": 30257
      },
      {
        "frequencies": [
          {
            "control": false,
            "frequency": 856.3125
          },
          {
            "control": false,
            "frequency": 857.3125
          }
        ],
        "siteCounty": {},
        "site": {
          "systemName": "Sanford Health",
          "systemLocation": "Fargo, North Dakota",
          "siteNumber": "Decimal: 002 / Hex: 2",
          "siteUniqueDBID": "30258",
          "siteDescription": "South Campus",
          "siteCountyLocation": "Cass",
          "siteNeighbors": "N/A",
          "siteLocation": "1720 South University",
          "siteModulation": "DMR Digital",
          "siteNotes": "None",
          "latitude": "N 46.85787467640864 (System)",
          "longitude": "W -96.83022308629006 (System)",
          "range": {
            "distance": 10,
            "units": "miles(system)"
          }
        },
        "siteLink": "/apps/db/?siteId=30258",
        "siteName": "South Campus",
        "siteID": 30258
      },
      {
        "frequencies": [
          {
            "control": false,
            "frequency": 858.3125
          },
          {
            "control": false,
            "frequency": 859.3125
          }
        ],
        "siteCounty": {},
        "site": {
          "systemName": "Sanford Health",
          "systemLocation": "Fargo, North Dakota",
          "siteNumber": "Decimal: 003 / Hex: 3",
          "siteUniqueDBID": "30259",
          "siteDescription": "West Campus",
          "siteCountyLocation": "Cass",
          "siteNeighbors": "N/A",
          "siteLocation": "5225 23RD AVE S",
          "siteModulation": "DMR Digital",
          "siteNotes": "None",
          "latitude": "N 46.85787467640864 (System)",
          "longitude": "W -96.83022308629006 (System)",
          "range": {
            "distance": 10,
            "units": "miles(system)"
          }
        },
        "siteLink": "/apps/db/?siteId=30259",
        "siteName": "West Campus",
        "siteID": 30259
      }
    ],
    "talkgroups": {
      "Operations": [
        {
          "decimal": "1",
          "mode": "TDMA",
          "description": "Security",
          "tag": "Business",
          "group": "Operations"
        },
        {
          "decimal": "31",
          "mode": "TDMA",
          "description": "Operations",
          "tag": "Business",
          "group": "Operations"
        },
        {
          "decimal": "51",
          "mode": "TDMA",
          "description": "Operations/Maintenance",
          "tag": "Business",
          "group": "Operations"
        }
      ]
    },
    "url": "https://www.radioreference.com/apps/db/?sid=9503&opt=all_tg",
    "uniqueIdentifier": "s-9503&opt=all_tg"
  },
  {
    "systemName": "Grand Forks Air Force Base",
    "location": "Grand Forks, ND",
    "county": "Grand Forks",
    "systemType": "Motorola Type II SmartZone",
    "systemVoice": "Analog and APCO-25 Common Air Interface",
    "lastUpdated": "December 3, 2011, 3:19 pm (Updated Talkgroups (1 Updated))",
    "systemID": "4147",
    "state": "North Dakota",
    "sites": [
      {
        "frequencies": [
          {
            "control": "PRIMARY",
            "frequency": 406.35
          },
          {
            "control": "ALTERNATE",
            "frequency": 406.55
          },
          {
            "control": false,
            "frequency": 407.15
          },
          {
            "control": "PRIMARY",
            "frequency": 407.35
          },
          {
            "control": false,
            "frequency": 407.95
          },
          {
            "control": false,
            "frequency": 408.15
          },
          {
            "control": false,
            "frequency": 408.75
          }
        ],
        "siteCounty": {},
        "site": {
          "systemName": "Grand Forks Air Force Base",
          "systemLocation": "Grand Forks, North Dakota",
          "siteNumber": "Decimal: 001 / Hex: 1",
          "siteUniqueDBID": "7882",
          "siteDescription": "Site-1",
          "siteCountyLocation": "Grand Forks",
          "siteNeighbors": "N/A",
          "siteLocation": "N/A",
          "siteModulation": "N/A",
          "siteNotes": "None",
          "siteNac": "N/A",
          "latitude": "N 47.95 (System)",
          "longitude": "W -97.4 (System)",
          "range": {
            "distance": 25,
            "units": "miles(system)"
          },
          "siteConnectTone": "None"
        },
        "siteLink": "/apps/db/?siteId=7882",
        "siteName": "Site-1",
        "siteID": 7882
      }
    ],
    "talkgroups": {
      "Medical": [
        {
          "decimal": "16496",
          "mode": "DIGITAL",
          "description": "Med Patch (155.34)",
          "tag": "EMS Dispatch",
          "group": "Medical"
        }
      ],
      "Aircraft Operations": [
        {
          "decimal": "18576",
          "mode": "DIGITAL",
          "description": "Aircraft Ground Crew",
          "tag": "Military",
          "group": "Aircraft Operations"
        },
        {
          "decimal": "19024",
          "mode": "DIGITAL",
          "description": "Air Traffic Control",
          "tag": "Military",
          "group": "Aircraft Operations"
        },
        {
          "decimal": "29632",
          "mode": "DIGITAL",
          "description": "Aircraft Ground Crew",
          "tag": "Military",
          "group": "Aircraft Operations"
        }
      ],
      "Force Protection": [
        {
          "decimal": "19248",
          "mode": "DIGITAL",
          "description": "Force Protection",
          "tag": "Military",
          "group": "Force Protection"
        }
      ],
      "Base Operations": [
        {
          "decimal": "20048",
          "mode": "DIGITAL",
          "description": "Base Utilities",
          "tag": "Utilities",
          "group": "Base Operations"
        },
        {
          "decimal": "20112",
          "mode": "DIGITAL",
          "description": "Snow Control",
          "tag": "Military",
          "group": "Base Operations"
        },
        {
          "decimal": "23632",
          "mode": "DIGITAL",
          "description": "Post Command (all call)",
          "tag": "Military",
          "group": "Base Operations"
        }
      ],
      "Fire Protection": [
        {
          "decimal": "21648",
          "mode": "DIGITAL",
          "description": "Fire Dispatch",
          "tag": "Fire Dispatch",
          "group": "Fire Protection"
        }
      ]
    },
    "url": "https://www.radioreference.com/apps/db/?sid=4147&opt=all_tg",
    "uniqueIdentifier": "s-4147&opt=all_tg"
  },
  {
    "systemName": "Stones Mobile Radio",
    "location": "Various, ND",
    "county": "5 counties",
    "systemType": "Motorola Type II",
    "systemVoice": "Analog",
    "lastUpdated": "October 28, 2010, 4:07 pm (Default Location Data Updated to 48.1 / -97.8 / 70)",
    "systemID": "1670",
    "state": "North Dakota",
    "sites": [
      {
        "frequencies": [
          {
            "control": false,
            "frequency": 451.1875
          },
          {
            "control": false,
            "frequency": 451.4875
          },
          {
            "control": false,
            "frequency": 451.7625
          },
          {
            "control": false,
            "frequency": 452.0625
          },
          {
            "control": false,
            "frequency": 452.4
          }
        ],
        "siteCounty": {
          "link": "/apps/db/?ctid=1996",
          "name": "Cavalier"
        },
        "site": {
          "systemName": "Stones Mobile Radio",
          "systemLocation": "Various, North Dakota",
          "siteNumber": "Decimal: 001 / Hex: 1",
          "siteUniqueDBID": "2374",
          "siteDescription": "Nekoma",
          "siteCountyLocation": "Cavalier",
          "siteNeighbors": "N/A",
          "siteLocation": "N/A",
          "siteModulation": "N/A",
          "siteNotes": "None",
          "latitude": "N 48.5772245",
          "longitude": "W -98.370392",
          "range": {
            "distance": 35,
            "units": "miles"
          },
          "siteConnectTone": "None"
        },
        "siteLink": "/apps/db/?siteId=2374",
        "siteName": "Nekoma",
        "siteID": 2374
      },
      {
        "frequencies": [
          {
            "control": false,
            "frequency": 451.1875
          },
          {
            "control": false,
            "frequency": 461.225
          },
          {
            "control": false,
            "frequency": 451.45
          },
          {
            "control": false,
            "frequency": 461.5375
          },
          {
            "control": false,
            "frequency": 451.7125
          },
          {
            "control": false,
            "frequency": 461.8125
          },
          {
            "control": false,
            "frequency": 451.9625
          },
          {
            "control": false,
            "frequency": 452.2125
          },
          {
            "control": false,
            "frequency": 452.4875
          },
          {
            "control": false,
            "frequency": 452.7875
          }
        ],
        "siteCounty": {
          "link": "/apps/db/?ctid=2004",
          "name": "Grand Forks"
        },
        "site": {
          "systemName": "Stones Mobile Radio",
          "systemLocation": "Various, North Dakota",
          "siteNumber": "Decimal: 002 / Hex: 2",
          "siteUniqueDBID": "2375",
          "siteDescription": "Grand Forks",
          "siteCountyLocation": "Grand Forks",
          "siteNeighbors": "N/A",
          "siteLocation": "N/A",
          "siteModulation": "N/A",
          "siteNotes": "None",
          "latitude": "N 47.9252568",
          "longitude": "W -97.0328547",
          "range": {
            "distance": 35,
            "units": "miles"
          },
          "siteConnectTone": "None"
        },
        "siteLink": "/apps/db/?siteId=2375",
        "siteName": "Grand Forks",
        "siteID": 2375
      },
      {
        "frequencies": [
          {
            "control": false,
            "frequency": 451.5125
          },
          {
            "control": false,
            "frequency": 451.8625
          },
          {
            "control": false,
            "frequency": 452.1375
          },
          {
            "control": false,
            "frequency": 452.4375
          },
          {
            "control": false,
            "frequency": 452.7125
          }
        ],
        "siteCounty": {
          "link": "/apps/db/?ctid=2004",
          "name": "Grand Forks"
        },
        "site": {
          "systemName": "Stones Mobile Radio",
          "systemLocation": "Various, North Dakota",
          "siteNumber": "Decimal: 003 / Hex: 3",
          "siteUniqueDBID": "2376",
          "siteDescription": "Grand Forks",
          "siteCountyLocation": "Grand Forks",
          "siteNeighbors": "N/A",
          "siteLocation": "N/A",
          "siteModulation": "N/A",
          "siteNotes": "None",
          "latitude": "N 47.9252568",
          "longitude": "W -97.0328547",
          "range": {
            "distance": 35,
            "units": "miles"
          },
          "siteConnectTone": "None"
        },
        "siteLink": "/apps/db/?siteId=2376",
        "siteName": "Grand Forks",
        "siteID": 2376
      },
      {
        "frequencies": [
          {
            "control": false,
            "frequency": 451.4625
          },
          {
            "control": false,
            "frequency": 451.7625
          },
          {
            "control": false,
            "frequency": 452.0625
          },
          {
            "control": false,
            "frequency": 452.3625
          },
          {
            "control": false,
            "frequency": 452.6625
          }
        ],
        "siteCounty": {
          "link": "/apps/db/?ctid=2018",
          "name": "Nelson"
        },
        "site": {
          "systemName": "Stones Mobile Radio",
          "systemLocation": "Various, North Dakota",
          "siteNumber": "Decimal: 004 / Hex: 4",
          "siteUniqueDBID": "2377",
          "siteDescription": "Petersburg",
          "siteCountyLocation": "Nelson",
          "siteNeighbors": "N/A",
          "siteLocation": "N/A",
          "siteModulation": "N/A",
          "siteNotes": "None",
          "latitude": "N 48.0111053",
          "longitude": "W -98.0014885",
          "range": {
            "distance": 35,
            "units": "miles"
          },
          "siteConnectTone": "None"
        },
        "siteLink": "/apps/db/?siteId=2377",
        "siteName": "Petersburg",
        "siteID": 2377
      },
      {
        "frequencies": [
          {
            "control": false,
            "frequency": 451.3125
          },
          {
            "control": false,
            "frequency": 451.6125
          },
          {
            "control": false,
            "frequency": 451.9125
          },
          {
            "control": false,
            "frequency": 452.5
          },
          {
            "control": false,
            "frequency": 452.75
          }
        ],
        "siteCounty": {
          "link": "/apps/db/?ctid=2020",
          "name": "Pembina"
        },
        "site": {
          "systemName": "Stones Mobile Radio",
          "systemLocation": "Various, North Dakota",
          "siteNumber": "Decimal: 005 / Hex: 5",
          "siteUniqueDBID": "2378",
          "siteDescription": "Saint Thomas",
          "siteCountyLocation": "Pembina",
          "siteNeighbors": "N/A",
          "siteLocation": "N/A",
          "siteModulation": "N/A",
          "siteNotes": "None",
          "latitude": "N 48.619156",
          "longitude": "W -97.4464703",
          "range": {
            "distance": 35,
            "units": "miles"
          },
          "siteConnectTone": "None"
        },
        "siteLink": "/apps/db/?siteId=2378",
        "siteName": "Saint Thomas",
        "siteID": 2378
      },
      {
        "frequencies": [
          {
            "control": false,
            "frequency": 451.3625
          },
          {
            "control": false,
            "frequency": 451.6625
          },
          {
            "control": false,
            "frequency": 451.9875
          },
          {
            "control": false,
            "frequency": 452.2875
          },
          {
            "control": false,
            "frequency": 452.625
          }
        ],
        "siteCounty": {
          "link": "/apps/db/?ctid=2035",
          "name": "Traill"
        },
        "site": {
          "systemName": "Stones Mobile Radio",
          "systemLocation": "Various, North Dakota",
          "siteNumber": "Decimal: 006 / Hex: 6",
          "siteUniqueDBID": "2379",
          "siteDescription": "Hatton",
          "siteCountyLocation": "Traill",
          "siteNeighbors": "N/A",
          "siteLocation": "N/A",
          "siteModulation": "N/A",
          "siteNotes": "None",
          "latitude": "N 47.6397087",
          "longitude": "W -97.4534224",
          "range": {
            "distance": 35,
            "units": "miles"
          },
          "siteConnectTone": "None"
        },
        "siteLink": "/apps/db/?siteId=2379",
        "siteName": "Hatton",
        "siteID": 2379
      }
    ],
    "url": "https://www.radioreference.com/apps/db/?sid=1670&opt=all_tg",
    "uniqueIdentifier": "s-1670&opt=all_tg"
  },
  {
    "systemName": "Mid States Wireless Inc.",
    "location": "Various, ND",
    "county": "4 counties",
    "systemType": "LTR Standard",
    "systemVoice": "Analog",
    "lastUpdated": "October 7, 2014, 7:19 am (Updated Function Tag assignments for 1 talkgroups)",
    "systemID": "1669",
    "state": "North Dakota",
    "sites": [
      {
        "frequencies": [
          {
            "control": false,
            "frequency": 452.3375
          },
          {
            "control": false,
            "frequency": 451.7
          },
          {
            "control": false,
            "frequency": 452.0125
          },
          {
            "control": false,
            "frequency": 451.4625
          },
          {
            "control": false,
            "frequency": 461.3875
          }
        ],
        "siteCounty": {
          "link": "/apps/db/?ctid=1995",
          "name": "Cass"
        },
        "site": {
          "systemName": "Mid States Wireless Inc.",
          "systemLocation": "Various, North Dakota",
          "siteNumber": "Decimal: 000 / Hex: 0",
          "siteUniqueDBID": "1133",
          "siteDescription": "Fargo",
          "siteCountyLocation": "Cass",
          "siteNeighbors": "N/A",
          "siteLocation": "4th and Main  Fargo",
          "siteModulation": "NFM",
          "siteNotes": "License Says Moorhead MN.",
          "latitude": "N 46.8771863",
          "longitude": "W -96.7898034",
          "range": {
            "distance": 25,
            "units": "miles"
          }
        },
        "siteLink": "/apps/db/?siteId=1133",
        "siteName": "Fargo",
        "siteID": 1133
      },
      {
        "frequencies": [
          {
            "control": false,
            "frequency": 461.9875
          },
          {
            "control": false,
            "frequency": 461.7125
          },
          {
            "control": false,
            "frequency": 461.4125
          },
          {
            "control": false,
            "frequency": 452.2625
          },
          {
            "control": false,
            "frequency": 451.7875
          }
        ],
        "siteCounty": {
          "link": "/apps/db/?ctid=1995",
          "name": "Cass"
        },
        "site": {
          "systemName": "Mid States Wireless Inc.",
          "systemLocation": "Various, North Dakota",
          "siteNumber": "Decimal: 001 / Hex: 1",
          "siteUniqueDBID": "7451",
          "siteDescription": "Amenia",
          "siteCountyLocation": "Cass",
          "siteNeighbors": "N/A",
          "siteLocation": "1.2 MI E 1/4 MI N OF CR",
          "siteModulation": "NFM",
          "siteNotes": "None",
          "latitude": "N 47.0049744",
          "longitude": "W -97.2189763",
          "range": {
            "distance": 25,
            "units": "miles"
          }
        },
        "siteLink": "/apps/db/?siteId=7451",
        "siteName": "Amenia",
        "siteID": 7451
      },
      {
        "frequencies": [
          {
            "control": false,
            "frequency": 451.175
          },
          {
            "control": false,
            "frequency": 451.3625
          },
          {
            "control": false,
            "frequency": 451.6
          },
          {
            "control": false,
            "frequency": 451.7375
          },
          {
            "control": false,
            "frequency": 451.8625
          }
        ],
        "siteCounty": {
          "link": "/apps/db/?ctid=2033",
          "name": "Stutsman"
        },
        "site": {
          "systemName": "Mid States Wireless Inc.",
          "systemLocation": "Various, North Dakota",
          "siteNumber": "Decimal: 002 / Hex: 2",
          "siteUniqueDBID": "2372",
          "siteDescription": "Jamestown",
          "siteCountyLocation": "Stutsman",
          "siteNeighbors": "N/A",
          "siteLocation": "N/A",
          "siteModulation": "NFM",
          "siteNotes": "None",
          "latitude": "N 46.9105438",
          "longitude": "W -98.7084357",
          "range": {
            "distance": 25,
            "units": "miles"
          }
        },
        "siteLink": "/apps/db/?siteId=2372",
        "siteName": "Jamestown",
        "siteID": 2372
      },
      {
        "frequencies": [
          {
            "control": false,
            "frequency": 451.2875
          },
          {
            "control": false,
            "frequency": 451.5875
          },
          {
            "control": false,
            "frequency": 451.8875
          },
          {
            "control": false,
            "frequency": 452.1875
          },
          {
            "control": false,
            "frequency": 452.4625
          }
        ],
        "siteCounty": {
          "link": "/apps/db/?ctid=2035",
          "name": "Traill"
        },
        "site": {
          "systemName": "Mid States Wireless Inc.",
          "systemLocation": "Various, North Dakota",
          "siteNumber": "Decimal: 003 / Hex: 3",
          "siteUniqueDBID": "2373",
          "siteDescription": "Hillsboro",
          "siteCountyLocation": "Traill",
          "siteNeighbors": "N/A",
          "siteLocation": "N/A",
          "siteModulation": "NFM",
          "siteNotes": "None",
          "latitude": "N 47.4038683",
          "longitude": "W -97.0620308",
          "range": {
            "distance": 25,
            "units": "miles"
          }
        },
        "siteLink": "/apps/db/?siteId=2373",
        "siteName": "Hillsboro",
        "siteID": 2373
      },
      {
        "frequencies": [
          {
            "control": false,
            "frequency": 451.1875
          },
          {
            "control": false,
            "frequency": 451.2875
          },
          {
            "control": false,
            "frequency": 451.3125
          },
          {
            "control": false,
            "frequency": 451.4125
          },
          {
            "control": false,
            "frequency": 451.6125
          }
        ],
        "siteCounty": {
          "link": "/apps/db/?ctid=1988",
          "name": "Barnes"
        },
        "site": {
          "systemName": "Mid States Wireless Inc.",
          "systemLocation": "Various, North Dakota",
          "siteNumber": "Decimal: 004 / Hex: 4",
          "siteUniqueDBID": "2371",
          "siteDescription": "Valley City",
          "siteCountyLocation": "Barnes",
          "siteNeighbors": "N/A",
          "siteLocation": "N/A",
          "siteModulation": "NFM",
          "siteNotes": "None",
          "latitude": "N 46.9233129",
          "longitude": "W -98.0031547",
          "range": {
            "distance": 25,
            "units": "miles"
          }
        },
        "siteLink": "/apps/db/?siteId=2371",
        "siteName": "Valley City",
        "siteID": 2371
      }
    ],
    "talkgroups": {
      "Talkgroups": [
        {
          "decimal": "0-02-001",
          "mode": "ANALOG",
          "description": "Group",
          "tag": "Business",
          "group": "Talkgroups"
        },
        {
          "decimal": "0-02-002",
          "mode": "ANALOG",
          "description": "FARMING",
          "tag": "Business",
          "group": "Talkgroups"
        },
        {
          "decimal": "0-02-003",
          "mode": "ANALOG",
          "description": "Group",
          "tag": "Business",
          "group": "Talkgroups"
        },
        {
          "decimal": "0-02-004",
          "mode": "ANALOG",
          "description": "900RIDES",
          "tag": "Business",
          "group": "Talkgroups"
        },
        {
          "decimal": "0-02-005",
          "mode": "ANALOG",
          "description": "Group",
          "tag": "Business",
          "group": "Talkgroups"
        },
        {
          "decimal": "0-02-006",
          "mode": "ANALOG",
          "description": "Group",
          "tag": "Business",
          "group": "Talkgroups"
        },
        {
          "decimal": "0-02-007",
          "mode": "ANALOG",
          "description": "Group",
          "tag": "Business",
          "group": "Talkgroups"
        },
        {
          "decimal": "0-02-008",
          "mode": "ANALOG",
          "description": "Group",
          "tag": "Business",
          "group": "Talkgroups"
        },
        {
          "decimal": "0-02-009",
          "mode": "ANALOG",
          "description": "DELIVERY",
          "tag": "Business",
          "group": "Talkgroups"
        },
        {
          "decimal": "0-02-010",
          "mode": "ANALOG",
          "description": "FARMING",
          "tag": "Business",
          "group": "Talkgroups"
        },
        {
          "decimal": "0-02-011",
          "mode": "ANALOG",
          "description": "YMCA",
          "tag": "Business",
          "group": "Talkgroups"
        },
        {
          "decimal": "0-02-012",
          "mode": "ANALOG",
          "description": "Y WEST",
          "tag": "Business",
          "group": "Talkgroups"
        },
        {
          "decimal": "0-02-013",
          "mode": "ANALOG",
          "description": "Group",
          "tag": "Business",
          "group": "Talkgroups"
        },
        {
          "decimal": "0-02-014",
          "mode": "ANALOG",
          "description": "Group",
          "tag": "Business",
          "group": "Talkgroups"
        },
        {
          "decimal": "0-02-015",
          "mode": "ANALOG",
          "description": "Group",
          "tag": "Business",
          "group": "Talkgroups"
        },
        {
          "decimal": "0-02-016",
          "mode": "ANALOG",
          "description": "Group",
          "tag": "Business",
          "group": "Talkgroups"
        },
        {
          "decimal": "0-02-017",
          "mode": "ANALOG",
          "description": "Group",
          "tag": "Business",
          "group": "Talkgroups"
        },
        {
          "decimal": "0-02-018",
          "mode": "ANALOG",
          "description": "ROTO ROOT",
          "tag": "Business",
          "group": "Talkgroups"
        },
        {
          "decimal": "0-02-019",
          "mode": "ANALOG",
          "description": "FARMING",
          "tag": "Business",
          "group": "Talkgroups"
        },
        {
          "decimal": "0-02-020",
          "mode": "ANALOG",
          "description": "DELIVERY",
          "tag": "Business",
          "group": "Talkgroups"
        },
        {
          "decimal": "0-02-021",
          "mode": "ANALOG",
          "description": "Group",
          "tag": "Business",
          "group": "Talkgroups"
        },
        {
          "decimal": "0-02-022",
          "mode": "ANALOG",
          "description": "HVAC",
          "tag": "Business",
          "group": "Talkgroups"
        },
        {
          "decimal": "0-02-023",
          "mode": "ANALOG",
          "description": "Group",
          "tag": "Business",
          "group": "Talkgroups"
        },
        {
          "decimal": "0-02-024",
          "mode": "ANALOG",
          "description": "S GRAVEL",
          "tag": "Business",
          "group": "Talkgroups"
        },
        {
          "decimal": "0-02-025",
          "mode": "ANALOG",
          "description": "FARMING",
          "tag": "Business",
          "group": "Talkgroups"
        },
        {
          "decimal": "0-02-026",
          "mode": "ANALOG",
          "description": "Group",
          "tag": "Business",
          "group": "Talkgroups"
        },
        {
          "decimal": "0-02-027",
          "mode": "ANALOG",
          "description": "AUTO DL",
          "tag": "Business",
          "group": "Talkgroups"
        },
        {
          "decimal": "0-02-028",
          "mode": "ANALOG",
          "description": "Group",
          "tag": "Business",
          "group": "Talkgroups"
        },
        {
          "decimal": "0-02-029",
          "mode": "ANALOG",
          "description": "Group",
          "tag": "Business",
          "group": "Talkgroups"
        },
        {
          "decimal": "0-02-030",
          "mode": "ANALOG",
          "description": "Group",
          "tag": "Business",
          "group": "Talkgroups"
        },
        {
          "decimal": "0-02-031",
          "mode": "ANALOG",
          "description": "AUTO DL",
          "tag": "Business",
          "group": "Talkgroups"
        },
        {
          "decimal": "0-02-032",
          "mode": "ANALOG",
          "description": "TOW / AAA",
          "tag": "Business",
          "group": "Talkgroups"
        },
        {
          "decimal": "0-02-033",
          "mode": "ANALOG",
          "description": "Midwest Patrol",
          "tag": "Security",
          "group": "Talkgroups"
        },
        {
          "decimal": "0-02-034",
          "mode": "ANALOG",
          "description": "Group",
          "tag": "Business",
          "group": "Talkgroups"
        },
        {
          "decimal": "0-02-035",
          "mode": "ANALOG",
          "description": "Group",
          "tag": "Business",
          "group": "Talkgroups"
        },
        {
          "decimal": "0-02-036",
          "mode": "ANALOG",
          "description": "ELECT.?",
          "tag": "Business",
          "group": "Talkgroups"
        },
        {
          "decimal": "0-02-037",
          "mode": "ANALOG",
          "description": "AUTO DL",
          "tag": "Business",
          "group": "Talkgroups"
        },
        {
          "decimal": "0-02-038",
          "mode": "ANALOG",
          "description": "SR RIDE S",
          "tag": "Business",
          "group": "Talkgroups"
        },
        {
          "decimal": "0-02-039",
          "mode": "ANALOG",
          "description": "Group",
          "tag": "Business",
          "group": "Talkgroups"
        },
        {
          "decimal": "0-02-040",
          "mode": "ANALOG",
          "description": "PLUMBING",
          "tag": "Business",
          "group": "Talkgroups"
        },
        {
          "decimal": "0-02-041",
          "mode": "ANALOG",
          "description": "TRK RPR.",
          "tag": "Business",
          "group": "Talkgroups"
        },
        {
          "decimal": "0-02-042",
          "mode": "ANALOG",
          "description": "FARMING",
          "tag": "Business",
          "group": "Talkgroups"
        },
        {
          "decimal": "0-02-043",
          "mode": "ANALOG",
          "description": "MED VANS",
          "tag": "Business",
          "group": "Talkgroups"
        },
        {
          "decimal": "0-02-044",
          "mode": "ANALOG",
          "description": "Group",
          "tag": "Business",
          "group": "Talkgroups"
        },
        {
          "decimal": "0-02-045",
          "mode": "ANALOG",
          "description": "DELIVERY",
          "tag": "Business",
          "group": "Talkgroups"
        },
        {
          "decimal": "0-02-046",
          "mode": "ANALOG",
          "description": "Group",
          "tag": "Business",
          "group": "Talkgroups"
        },
        {
          "decimal": "0-02-047",
          "mode": "ANALOG",
          "description": "Group",
          "tag": "Business",
          "group": "Talkgroups"
        },
        {
          "decimal": "0-02-048",
          "mode": "ANALOG",
          "description": "Group",
          "tag": "Business",
          "group": "Talkgroups"
        },
        {
          "decimal": "0-02-049",
          "mode": "ANALOG",
          "description": "Group",
          "tag": "Business",
          "group": "Talkgroups"
        },
        {
          "decimal": "0-02-050",
          "mode": "ANALOG",
          "description": "DATA",
          "tag": "Business",
          "group": "Talkgroups"
        },
        {
          "decimal": "0-02-052",
          "mode": "ANALOG",
          "description": "FARMING",
          "tag": "Business",
          "group": "Talkgroups"
        },
        {
          "decimal": "0-02-250",
          "mode": "ANALOG",
          "description": "Group",
          "tag": "Business",
          "group": "Talkgroups"
        },
        {
          "decimal": "1-02-007",
          "mode": "ANALOG",
          "description": "Farm",
          "tag": "Business",
          "group": "Talkgroups"
        }
      ]
    },
    "url": "https://www.radioreference.com/apps/db/?sid=1669&opt=all_tg",
    "uniqueIdentifier": "s-1669&opt=all_tg"
  },
  {
    "systemName": "Stones Mobile Radio (800 MHz)",
    "location": "Grand Forks, ND",
    "county": "Grand Forks",
    "systemType": "Motorola Type II",
    "systemVoice": "Analog",
    "lastUpdated": "March 26, 2014, 8:26 pm (Updated Function Tag assignments for 1 talkgroups)",
    "systemID": "7889",
    "state": "North Dakota",
    "sites": [
      {
        "frequencies": [
          {
            "control": false,
            "frequency": 854.3875
          },
          {
            "control": "PRIMARY",
            "frequency": 855.4375
          },
          {
            "control": false,
            "frequency": 855.8625
          },
          {
            "control": false,
            "frequency": 856.8125
          },
          {
            "control": false,
            "frequency": 857.8125
          },
          {
            "control": false,
            "frequency": 858.8125
          },
          {
            "control": false,
            "frequency": 859.9375
          }
        ],
        "siteCounty": {},
        "site": {
          "systemName": "Stones Mobile Radio (800 MHz)",
          "systemLocation": "Grand Forks, North Dakota",
          "siteNumber": "Decimal: 001 / Hex: 1",
          "siteUniqueDBID": "23045",
          "siteDescription": "Grand Forks",
          "siteCountyLocation": "Grand Forks",
          "siteNeighbors": "N/A",
          "siteLocation": "NW corner of 47th Ave & Hwy 81 S",
          "siteModulation": "Analog",
          "siteNotes": "Covers the entire Grand Forks area.",
          "latitude": "N 47.87581",
          "longitude": "W -97.04869",
          "range": {
            "distance": 32,
            "units": "miles"
          },
          "siteConnectTone": "105.88"
        },
        "siteLink": "/apps/db/?siteId=23045",
        "siteName": "Grand Forks",
        "siteID": 23045
      }
    ],
    "talkgroups": {
      "Business": [
        {
          "decimal": "17488",
          "mode": "ANALOG",
          "description": "Cab Company",
          "tag": "Business",
          "group": "Business"
        },
        {
          "decimal": "58000",
          "mode": "ANALOG",
          "description": "Production/Manufacturing Company",
          "tag": "Business",
          "group": "Business"
        },
        {
          "decimal": "58048",
          "mode": "ANALOG",
          "description": "Receiving/Warehouse/Materials",
          "tag": "Business",
          "group": "Business"
        }
      ]
    },
    "url": "https://www.radioreference.com/apps/db/?sid=7889&opt=all_tg",
    "uniqueIdentifier": "s-7889&opt=all_tg"
  }
]