[
  {
    "systemName": "High Tech Communications Services (DMR)",
    "location": "Various, PR",
    "county": "3 counties",
    "systemType": "DMR Motorola Connect Plus (TRBO)",
    "systemVoice": "DMR",
    "lastUpdated": "March 16, 2019, 8:31 pm (Updated General Trunked System Information)",
    "systemID": "10484",
    "state": "Puerto Rico",
    "sites": [
      {
        "frequencies": [
          {
            "control": false,
            "frequency": 855.2875
          },
          {
            "control": "PRIMARY",
            "frequency": 860.6375
          }
        ],
        "siteCounty": {
          "link": "/apps/db/?ctid=5640",
          "name": "Luquillo"
        },
        "site": {
          "systemName": "High Tech Communications Services (DMR)",
          "systemLocation": "Various, Puerto Rico",
          "siteNumber": "Decimal: 001 / Hex: 1",
          "siteUniqueDBID": "34107",
          "siteDescription": "El Yunque Peak",
          "siteCountyLocation": "Luquillo",
          "siteNeighbors": "N/A",
          "siteLocation": "N/A",
          "siteModulation": "N/A",
          "siteNotes": "None"
        },
        "siteLink": "/apps/db/?siteId=34107",
        "siteName": "El Yunque Peak",
        "siteID": 34107
      },
      {
        "frequencies": [
          {
            "control": false,
            "frequency": 856.7875
          },
          {
            "control": false,
            "frequency": 857.7875
          },
          {
            "control": false,
            "frequency": 861.1375
          },
          {
            "control": false,
            "frequency": 861.2375
          }
        ],
        "siteCounty": {
          "link": "/apps/db/?ctid=5642",
          "name": "Maricao"
        },
        "site": {
          "systemName": "High Tech Communications Services (DMR)",
          "systemLocation": "Various, Puerto Rico",
          "siteNumber": "Decimal: 002 / Hex: 2",
          "siteUniqueDBID": "34108",
          "siteDescription": "Maricao",
          "siteCountyLocation": "Maricao",
          "siteNeighbors": "N/A",
          "siteLocation": "N/A",
          "siteModulation": "N/A",
          "siteNotes": "None"
        },
        "siteLink": "/apps/db/?siteId=34108",
        "siteName": "Maricao",
        "siteID": 34108
      },
      {
        "frequencies": [
          {
            "control": false,
            "frequency": 859.8125
          },
          {
            "control": false,
            "frequency": 860.7875
          },
          {
            "control": false,
            "frequency": 861.3875
          }
        ],
        "siteCounty": {
          "link": "/apps/db/?ctid=5632",
          "name": "Jayuya"
        },
        "site": {
          "systemName": "High Tech Communications Services (DMR)",
          "systemLocation": "Various, Puerto Rico",
          "siteNumber": "Decimal: 003 / Hex: 3",
          "siteUniqueDBID": "34109",
          "siteDescription": "Jayuya",
          "siteCountyLocation": "Jayuya",
          "siteNeighbors": "N/A",
          "siteLocation": "N/A",
          "siteModulation": "N/A",
          "siteNotes": "None"
        },
        "siteLink": "/apps/db/?siteId=34109",
        "siteName": "Jayuya",
        "siteID": 34109
      },
      {
        "frequencies": [
          {
            "control": false,
            "frequency": 855.7875
          }
        ],
        "siteCounty": {
          "link": "/apps/db/?ctid=5642",
          "name": "Maricao"
        },
        "site": {
          "systemName": "High Tech Communications Services (DMR)",
          "systemLocation": "Various, Puerto Rico",
          "siteNumber": "Decimal: 004 / Hex: 4",
          "siteUniqueDBID": "34110",
          "siteDescription": "Maricao",
          "siteCountyLocation": "Maricao",
          "siteNeighbors": "N/A",
          "siteLocation": "N/A",
          "siteModulation": "N/A",
          "siteNotes": "None"
        },
        "siteLink": "/apps/db/?siteId=34110",
        "siteName": "Maricao",
        "siteID": 34110
      }
    ],
    "url": "https://www.radioreference.com/apps/db/?sid=10484&opt=all_tg",
    "uniqueIdentifier": "s-10484&opt=all_tg"
  },
  {
    "systemName": "ARINC (Luis Munoz Marin International Airport)",
    "location": "Carolina, PR",
    "county": "Carolina",
    "systemType": "Motorola Type II Smartnet",
    "systemVoice": "Analog",
    "lastUpdated": "November 27, 2018, 6:14 am (Updated General Trunked System Information)",
    "systemID": "4852",
    "state": "Puerto Rico",
    "sites": [
      {
        "frequencies": [
          {
            "control": false,
            "frequency": 856.8875
          },
          {
            "control": false,
            "frequency": 860.8875
          },
          {
            "control": false,
            "frequency": 856.9125
          },
          {
            "control": false,
            "frequency": 860.9125
          },
          {
            "control": false,
            "frequency": 857.8875
          },
          {
            "control": false,
            "frequency": 857.9125
          },
          {
            "control": false,
            "frequency": 858.8875
          },
          {
            "control": false,
            "frequency": 858.9125
          },
          {
            "control": "PRIMARY",
            "frequency": 859.8875
          },
          {
            "control": false,
            "frequency": 859.9125
          }
        ],
        "siteCounty": {},
        "site": {
          "systemName": "ARINC (Luis Munoz Marin International Airport)",
          "systemLocation": "Carolina, Puerto Rico",
          "siteNumber": "Decimal: 001 / Hex: 1",
          "siteUniqueDBID": "9864",
          "siteDescription": "Primary",
          "siteCountyLocation": "N/A",
          "siteNeighbors": "N/A",
          "siteLocation": "N/A",
          "siteModulation": "N/A",
          "siteNotes": "None",
          "latitude": "N 18.43712567144615 (System)",
          "longitude": "W -66.00270509719849 (System)",
          "range": {
            "distance": 3,
            "units": "miles(system)"
          },
          "siteConnectTone": "None"
        },
        "siteLink": "/apps/db/?siteId=9864",
        "siteName": "Primary",
        "siteID": 9864
      }
    ],
    "url": "https://www.radioreference.com/apps/db/?sid=4852&opt=all_tg",
    "uniqueIdentifier": "s-4852&opt=all_tg"
  },
  {
    "systemName": "North Communications",
    "location": "San Juan, PR",
    "county": "San Juan",
    "systemType": "LTR Standard",
    "systemVoice": "Analog",
    "lastUpdated": "November 27, 2018, 6:19 am (Updated General Trunked System Information)",
    "systemID": "4636",
    "state": "Puerto Rico",
    "sites": [
      {
        "frequencies": [
          {
            "control": false,
            "frequency": 851.3625
          },
          {
            "control": false,
            "frequency": 852.5875
          }
        ],
        "siteCounty": {},
        "site": {
          "systemName": "North Communications",
          "systemLocation": "San Juan, Puerto Rico",
          "siteNumber": "Decimal: 001 / Hex: 1",
          "siteUniqueDBID": "9880",
          "siteDescription": "Confirmed LCN",
          "siteCountyLocation": "N/A",
          "siteNeighbors": "N/A",
          "siteLocation": "954 Ponce De Leon Avenue",
          "siteModulation": "N/A",
          "siteNotes": "None"
        },
        "siteLink": "/apps/db/?siteId=9880",
        "siteName": "Confirmed LCN",
        "siteID": 9880
      },
      {
        "frequencies": [
          {
            "control": false,
            "frequency": 851.2875
          }
        ],
        "siteCounty": {}
      },
      {
        "frequencies": [
          {
            "control": false,
            "frequency": 861.8375
          },
          {
            "control": false,
            "frequency": 861.5375
          },
          {
            "control": false,
            "frequency": 861.8125
          },
          {
            "control": false,
            "frequency": 861.5625
          },
          {
            "control": false,
            "frequency": 861.7875
          },
          {
            "control": false,
            "frequency": 861.7625
          },
          {
            "control": false,
            "frequency": 852.6875
          },
          {
            "control": false,
            "frequency": 852.9125
          },
          {
            "control": false,
            "frequency": 853.0625
          }
        ],
        "siteCounty": {},
        "site": {
          "systemName": "North Communications",
          "systemLocation": "San Juan, Puerto Rico",
          "siteNumber": "Decimal: 002 / Hex: 2",
          "siteUniqueDBID": "9865",
          "siteDescription": "Unconfirmed LCN",
          "siteCountyLocation": "N/A",
          "siteNeighbors": "N/A",
          "siteLocation": "954 Ponce De Leon Avenue",
          "siteModulation": "N/A",
          "siteNotes": "None"
        },
        "siteLink": "/apps/db/?siteId=9865",
        "siteName": "Unconfirmed LCN",
        "siteID": 9865
      }
    ],
    "talkgroups": {
      "All": [
        {
          "decimal": "0-02-201",
          "mode": "ANALOG",
          "description": "Data",
          "tag": "Data",
          "group": "All"
        }
      ]
    },
    "url": "https://www.radioreference.com/apps/db/?sid=4636&opt=all_tg",
    "uniqueIdentifier": "s-4636&opt=all_tg"
  },
  {
    "systemName": "Municipality of San Juan",
    "location": "San Juan, PR",
    "county": "San Juan",
    "systemType": "LTR Standard",
    "systemVoice": "Analog",
    "lastUpdated": "November 27, 2018, 6:19 am (Updated General Trunked System Information)",
    "systemID": "7056",
    "state": "Puerto Rico",
    "sites": [
      {
        "frequencies": [
          {
            "control": false,
            "frequency": 453.15
          },
          {
            "control": false,
            "frequency": 453.2
          },
          {
            "control": false,
            "frequency": 453.55
          },
          {
            "control": false,
            "frequency": 453.6
          }
        ],
        "siteCounty": {},
        "site": {
          "systemName": "Municipality of San Juan",
          "systemLocation": "San Juan, Puerto Rico",
          "siteNumber": "Decimal: 001 / Hex: 1",
          "siteUniqueDBID": "18739",
          "siteDescription": "Hato Rey",
          "siteCountyLocation": "San Juan",
          "siteNeighbors": "N/A",
          "siteLocation": "Chardon Ave.",
          "siteModulation": "Analog: 11K2F3E",
          "siteNotes": "None"
        },
        "siteLink": "/apps/db/?siteId=18739",
        "siteName": "Hato Rey",
        "siteID": 18739
      }
    ],
    "url": "https://www.radioreference.com/apps/db/?sid=7056&opt=all_tg",
    "uniqueIdentifier": "s-7056&opt=all_tg"
  },
  {
    "systemName": "Unidentified Capacity Plus (San Juan)",
    "location": "San Juan, PR",
    "county": "San Juan",
    "systemType": "DMR Motorola Capacity Plus Single Site (TRBO)",
    "systemVoice": "DMR",
    "lastUpdated": "March 16, 2019, 8:33 pm (Updated General Trunked System Information)",
    "systemID": "10485",
    "state": "Puerto Rico",
    "sites": [
      {
        "frequencies": [
          {
            "control": false,
            "frequency": 460.7
          }
        ],
        "siteCounty": {},
        "site": {
          "systemName": "Unidentified Capacity Plus (San Juan)",
          "systemLocation": "San Juan, Puerto Rico",
          "siteNumber": "Decimal: 001 / Hex: 1",
          "siteUniqueDBID": "34111",
          "siteDescription": "Site 1",
          "siteCountyLocation": "San Juan",
          "siteNeighbors": "N/A",
          "siteLocation": "N/A",
          "siteModulation": "N/A",
          "siteNotes": "None"
        },
        "siteLink": "/apps/db/?siteId=34111",
        "siteName": "Site 1",
        "siteID": 34111
      }
    ],
    "url": "https://www.radioreference.com/apps/db/?sid=10485&opt=all_tg",
    "uniqueIdentifier": "s-10485&opt=all_tg"
  },
  {
    "systemName": "Puerto Rico Electric Power Authority (EDACS)",
    "location": "Various, PR",
    "county": "Statewide",
    "systemType": "EDACS Networked Standard",
    "systemVoice": "Analog",
    "lastUpdated": "March 16, 2019, 8:31 pm (Updated General Trunked System Information)",
    "systemID": "982",
    "state": "Puerto Rico",
    "sites": [
      {
        "frequencies": [
          {
            "control": "PRIMARY",
            "frequency": 855.3625
          },
          {
            "control": false,
            "frequency": 856.3625
          },
          {
            "control": false,
            "frequency": 857.3625
          },
          {
            "control": false,
            "frequency": 858.3625
          },
          {
            "control": "ALTERNATE",
            "frequency": 859.3625
          },
          {
            "control": "ALTERNATE",
            "frequency": 860.3625
          }
        ],
        "siteCounty": {
          "link": "/apps/db/?ctid=4435",
          "name": "N/A"
        },
        "site": {
          "systemName": "Puerto Rico Electric Power Authority (EDACS)",
          "systemLocation": "Various, Puerto Rico",
          "siteNumber": "Decimal: 001 / Hex: 1",
          "siteUniqueDBID": "1114",
          "siteDescription": "Rio Piedras",
          "siteCountyLocation": "N/A",
          "siteNeighbors": "N/A",
          "siteLocation": "N/A",
          "siteModulation": "N/A",
          "siteNotes": "None"
        },
        "siteLink": "/apps/db/?siteId=1114",
        "siteName": "Rio Piedras",
        "siteID": 1114
      },
      {
        "frequencies": [
          {
            "control": false,
            "frequency": 856.3125
          },
          {
            "control": false,
            "frequency": 857.4125
          },
          {
            "control": false,
            "frequency": 857.3125
          },
          {
            "control": false,
            "frequency": 858.4125
          },
          {
            "control": false,
            "frequency": 858.3125
          },
          {
            "control": false,
            "frequency": 859.3125
          },
          {
            "control": false,
            "frequency": 860.3125
          },
          {
            "control": false,
            "frequency": 856.4125
          }
        ],
        "siteCounty": {
          "link": "/apps/db/?ctid=4435",
          "name": "N/A"
        },
        "site": {
          "systemName": "Puerto Rico Electric Power Authority (EDACS)",
          "systemLocation": "Various, Puerto Rico",
          "siteNumber": "Decimal: 002 / Hex: 2",
          "siteUniqueDBID": "1115",
          "siteDescription": "Luquillo",
          "siteCountyLocation": "N/A",
          "siteNeighbors": "N/A",
          "siteLocation": "N/A",
          "siteModulation": "N/A",
          "siteNotes": "None"
        },
        "siteLink": "/apps/db/?siteId=1115",
        "siteName": "Luquillo",
        "siteID": 1115
      },
      {
        "frequencies": [
          {
            "control": false,
            "frequency": 856.2875
          },
          {
            "control": false,
            "frequency": 857.2875
          },
          {
            "control": false,
            "frequency": 858.2875
          },
          {
            "control": "ALTERNATE",
            "frequency": 859.2875
          },
          {
            "control": "PRIMARY",
            "frequency": 860.2875
          }
        ],
        "siteCounty": {
          "link": "/apps/db/?ctid=4435",
          "name": "N/A"
        },
        "site": {
          "systemName": "Puerto Rico Electric Power Authority (EDACS)",
          "systemLocation": "Various, Puerto Rico",
          "siteNumber": "Decimal: 003 / Hex: 3",
          "siteUniqueDBID": "1116",
          "siteDescription": "Orocovis",
          "siteCountyLocation": "N/A",
          "siteNeighbors": "N/A",
          "siteLocation": "N/A",
          "siteModulation": "N/A",
          "siteNotes": "None"
        },
        "siteLink": "/apps/db/?siteId=1116",
        "siteName": "Orocovis",
        "siteID": 1116
      },
      {
        "frequencies": [
          {
            "control": false,
            "frequency": 855.3875
          },
          {
            "control": false,
            "frequency": 856.3875
          },
          {
            "control": false,
            "frequency": 857.3875
          },
          {
            "control": false,
            "frequency": 858.3875
          },
          {
            "control": "ALTERNATE",
            "frequency": 859.3875
          },
          {
            "control": "PRIMARY",
            "frequency": 860.3875
          }
        ],
        "siteCounty": {
          "link": "/apps/db/?ctid=4435",
          "name": "N/A"
        },
        "site": {
          "systemName": "Puerto Rico Electric Power Authority (EDACS)",
          "systemLocation": "Various, Puerto Rico",
          "siteNumber": "Decimal: 004 / Hex: 4",
          "siteUniqueDBID": "1117",
          "siteDescription": "Villalba",
          "siteCountyLocation": "N/A",
          "siteNeighbors": "N/A",
          "siteLocation": "N/A",
          "siteModulation": "N/A",
          "siteNotes": "None"
        },
        "siteLink": "/apps/db/?siteId=1117",
        "siteName": "Villalba",
        "siteID": 1117
      },
      {
        "frequencies": [
          {
            "control": false,
            "frequency": 856.4125
          },
          {
            "control": false,
            "frequency": 857.4125
          },
          {
            "control": false,
            "frequency": 858.4125
          },
          {
            "control": "ALTERNATE",
            "frequency": 859.4125
          },
          {
            "control": "PRIMARY",
            "frequency": 860.4125
          }
        ],
        "siteCounty": {
          "link": "/apps/db/?ctid=4435",
          "name": "N/A"
        },
        "site": {
          "systemName": "Puerto Rico Electric Power Authority (EDACS)",
          "systemLocation": "Various, Puerto Rico",
          "siteNumber": "Decimal: 005 / Hex: 5",
          "siteUniqueDBID": "1118",
          "siteDescription": "Maricao",
          "siteCountyLocation": "N/A",
          "siteNeighbors": "N/A",
          "siteLocation": "N/A",
          "siteModulation": "N/A",
          "siteNotes": "None"
        },
        "siteLink": "/apps/db/?siteId=1118",
        "siteName": "Maricao",
        "siteID": 1118
      },
      {
        "frequencies": [
          {
            "control": "ALTERNATE",
            "frequency": 858.3625
          },
          {
            "control": "ALTERNATE",
            "frequency": 859.3625
          },
          {
            "control": "PRIMARY",
            "frequency": 860.3625
          }
        ],
        "siteCounty": {
          "link": "/apps/db/?ctid=4435",
          "name": "N/A"
        },
        "site": {
          "systemName": "Puerto Rico Electric Power Authority (EDACS)",
          "systemLocation": "Various, Puerto Rico",
          "siteNumber": "Decimal: 006 / Hex: 6",
          "siteUniqueDBID": "1119",
          "siteDescription": "Salinas",
          "siteCountyLocation": "N/A",
          "siteNeighbors": "N/A",
          "siteLocation": "N/A",
          "siteModulation": "N/A",
          "siteNotes": "None"
        },
        "siteLink": "/apps/db/?siteId=1119",
        "siteName": "Salinas",
        "siteID": 1119
      },
      {
        "frequencies": [
          {
            "control": false,
            "frequency": 856.3125
          },
          {
            "control": false,
            "frequency": 857.3125
          },
          {
            "control": false,
            "frequency": 858.3125
          },
          {
            "control": "ALTERNATE",
            "frequency": 859.3125
          },
          {
            "control": "PRIMARY",
            "frequency": 860.3125
          }
        ],
        "siteCounty": {
          "link": "/apps/db/?ctid=4435",
          "name": "N/A"
        },
        "site": {
          "systemName": "Puerto Rico Electric Power Authority (EDACS)",
          "systemLocation": "Various, Puerto Rico",
          "siteNumber": "Decimal: 007 / Hex: 7",
          "siteUniqueDBID": "1120",
          "siteDescription": "Rincom",
          "siteCountyLocation": "N/A",
          "siteNeighbors": "N/A",
          "siteLocation": "N/A",
          "siteModulation": "N/A",
          "siteNotes": "None"
        },
        "siteLink": "/apps/db/?siteId=1120",
        "siteName": "Rincom",
        "siteID": 1120
      },
      {
        "frequencies": [
          {
            "control": false,
            "frequency": 854.9125
          },
          {
            "control": false,
            "frequency": 855.1875
          },
          {
            "control": false,
            "frequency": 855.4125
          },
          {
            "control": "ALTERNATE",
            "frequency": 855.6625
          },
          {
            "control": "PRIMARY",
            "frequency": 855.9375
          }
        ],
        "siteCounty": {
          "link": "/apps/db/?ctid=4435",
          "name": "N/A"
        },
        "site": {
          "systemName": "Puerto Rico Electric Power Authority (EDACS)",
          "systemLocation": "Various, Puerto Rico",
          "siteNumber": "Decimal: 008 / Hex: 8",
          "siteUniqueDBID": "1121",
          "siteDescription": "Cayey",
          "siteCountyLocation": "N/A",
          "siteNeighbors": "N/A",
          "siteLocation": "N/A",
          "siteModulation": "N/A",
          "siteNotes": "None"
        },
        "siteLink": "/apps/db/?siteId=1121",
        "siteName": "Cayey",
        "siteID": 1121
      },
      {
        "frequencies": [
          {
            "control": false,
            "frequency": 855.3625
          },
          {
            "control": "ALTERNATE",
            "frequency": 856.3625
          },
          {
            "control": "PRIMARY",
            "frequency": 857.3625
          }
        ],
        "siteCounty": {
          "link": "/apps/db/?ctid=4435",
          "name": "N/A"
        },
        "site": {
          "systemName": "Puerto Rico Electric Power Authority (EDACS)",
          "systemLocation": "Various, Puerto Rico",
          "siteNumber": "Decimal: 009 / Hex: 9",
          "siteUniqueDBID": "1122",
          "siteDescription": "Ponce",
          "siteCountyLocation": "N/A",
          "siteNeighbors": "N/A",
          "siteLocation": "N/A",
          "siteModulation": "N/A",
          "siteNotes": "None"
        },
        "siteLink": "/apps/db/?siteId=1122",
        "siteName": "Ponce",
        "siteID": 1122
      },
      {
        "frequencies": [
          {
            "control": false,
            "frequency": 859.3625
          },
          {
            "control": false,
            "frequency": 859.2875
          },
          {
            "control": false,
            "frequency": 855.4125
          },
          {
            "control": "ALTERNATE",
            "frequency": 855.6625
          },
          {
            "control": "PRIMARY",
            "frequency": 858.3625
          }
        ],
        "siteCounty": {
          "link": "/apps/db/?ctid=4435",
          "name": "N/A"
        },
        "site": {
          "systemName": "Puerto Rico Electric Power Authority (EDACS)",
          "systemLocation": "Various, Puerto Rico",
          "siteNumber": "Decimal: 010 / Hex: a",
          "siteUniqueDBID": "8084",
          "siteDescription": "Isabela",
          "siteCountyLocation": "N/A",
          "siteNeighbors": "N/A",
          "siteLocation": "N/A",
          "siteModulation": "N/A",
          "siteNotes": "None"
        },
        "siteLink": "/apps/db/?siteId=8084",
        "siteName": "Isabela",
        "siteID": 8084
      },
      {
        "frequencies": [
          {
            "control": false,
            "frequency": 854.9125
          },
          {
            "control": false,
            "frequency": 855.1875
          },
          {
            "control": false,
            "frequency": 856.2875
          },
          {
            "control": "ALTERNATE",
            "frequency": 857.2875
          },
          {
            "control": "PRIMARY",
            "frequency": 858.3125
          }
        ],
        "siteCounty": {
          "link": "/apps/db/?ctid=4435",
          "name": "N/A"
        },
        "site": {
          "systemName": "Puerto Rico Electric Power Authority (EDACS)",
          "systemLocation": "Various, Puerto Rico",
          "siteNumber": "Decimal: 011 / Hex: b",
          "siteUniqueDBID": "8085",
          "siteDescription": "Yauco",
          "siteCountyLocation": "N/A",
          "siteNeighbors": "N/A",
          "siteLocation": "N/A",
          "siteModulation": "N/A",
          "siteNotes": "None"
        },
        "siteLink": "/apps/db/?siteId=8085",
        "siteName": "Yauco",
        "siteID": 8085
      }
    ],
    "talkgroups": {
      "Technical Services": [
        {
          "decimal": "515",
          "mode": "ANALOG",
          "description": "Operations",
          "tag": "Utilities",
          "group": "Technical Services"
        },
        {
          "decimal": "516",
          "mode": "ANALOG",
          "description": "Operations",
          "tag": "Utilities",
          "group": "Technical Services"
        },
        {
          "decimal": "530",
          "mode": "ANALOG",
          "description": "Operations",
          "tag": "Utilities",
          "group": "Technical Services"
        },
        {
          "decimal": "531",
          "mode": "ANALOG",
          "description": "Operations",
          "tag": "Utilities",
          "group": "Technical Services"
        },
        {
          "decimal": "532",
          "mode": "ANALOG",
          "description": "Operations",
          "tag": "Utilities",
          "group": "Technical Services"
        },
        {
          "decimal": "533",
          "mode": "ANALOG",
          "description": "Operations",
          "tag": "Utilities",
          "group": "Technical Services"
        },
        {
          "decimal": "536",
          "mode": "ANALOG",
          "description": "Operations",
          "tag": "Utilities",
          "group": "Technical Services"
        },
        {
          "decimal": "537",
          "mode": "ANALOG",
          "description": "Operations",
          "tag": "Utilities",
          "group": "Technical Services"
        },
        {
          "decimal": "538",
          "mode": "ANALOG",
          "description": "Operations",
          "tag": "Utilities",
          "group": "Technical Services"
        },
        {
          "decimal": "546",
          "mode": "ANALOG",
          "description": "Operations",
          "tag": "Utilities",
          "group": "Technical Services"
        },
        {
          "decimal": "547",
          "mode": "ANALOG",
          "description": "Operations",
          "tag": "Utilities",
          "group": "Technical Services"
        },
        {
          "decimal": "551",
          "mode": "ANALOG",
          "description": "Operations",
          "tag": "Utilities",
          "group": "Technical Services"
        },
        {
          "decimal": "552",
          "mode": "ANALOG",
          "description": "Operations",
          "tag": "Utilities",
          "group": "Technical Services"
        },
        {
          "decimal": "625",
          "mode": "ANALOG",
          "description": "Operations",
          "tag": "Utilities",
          "group": "Technical Services"
        },
        {
          "decimal": "627",
          "mode": "ANALOG",
          "description": "Operations",
          "tag": "Utilities",
          "group": "Technical Services"
        },
        {
          "decimal": "629",
          "mode": "ANALOG",
          "description": "Operations",
          "tag": "Utilities",
          "group": "Technical Services"
        },
        {
          "decimal": "632",
          "mode": "ANALOG",
          "description": "Operations",
          "tag": "Utilities",
          "group": "Technical Services"
        },
        {
          "decimal": "633",
          "mode": "ANALOG",
          "description": "Operations",
          "tag": "Utilities",
          "group": "Technical Services"
        }
      ]
    },
    "url": "https://www.radioreference.com/apps/db/?sid=982&opt=all_tg",
    "uniqueIdentifier": "s-982&opt=all_tg"
  },
  {
    "systemName": "High Tech Communications Services (7227)",
    "location": "Various, PR",
    "county": "2 counties",
    "systemType": "Motorola Type II SmartZone",
    "systemVoice": "Analog",
    "lastUpdated": "November 27, 2018, 6:14 am (Updated General Trunked System Information)",
    "systemID": "6691",
    "state": "Puerto Rico",
    "sites": [
      {
        "frequencies": [
          {
            "control": false,
            "frequency": 854.7875
          },
          {
            "control": false,
            "frequency": 862.1125
          },
          {
            "control": false,
            "frequency": 855.5875
          },
          {
            "control": false,
            "frequency": 863.1125
          },
          {
            "control": false,
            "frequency": 857.8375
          },
          {
            "control": false,
            "frequency": 864.1125
          },
          {
            "control": "PRIMARY",
            "frequency": 859.6875
          },
          {
            "control": "PRIMARY",
            "frequency": 865.1125
          },
          {
            "control": false,
            "frequency": 859.8375
          },
          {
            "control": false,
            "frequency": 860.8125
          },
          {
            "control": false,
            "frequency": 861.1125
          }
        ],
        "siteCounty": {
          "link": "/apps/db/?ctid=5610",
          "name": "Carolina"
        },
        "site": {
          "systemName": "High Tech Communications Services (7227)",
          "systemLocation": "Various, Puerto Rico",
          "siteNumber": "Decimal: 002 / Hex: 2",
          "siteUniqueDBID": "16917",
          "siteDescription": "Carolina",
          "siteCountyLocation": "Carolina",
          "siteNeighbors": "N/A",
          "siteLocation": "El Yunque Peak",
          "siteModulation": "N/A",
          "siteNotes": "None",
          "siteConnectTone": "None"
        },
        "siteLink": "/apps/db/?siteId=16917",
        "siteName": "Carolina",
        "siteID": 16917
      },
      {
        "frequencies": [
          {
            "control": false,
            "frequency": 851.0125
          },
          {
            "control": false,
            "frequency": 854.7625
          },
          {
            "control": "PRIMARY",
            "frequency": 856.7875
          },
          {
            "control": false,
            "frequency": 857.7875
          },
          {
            "control": "PRIMARY",
            "frequency": 860.5375
          }
        ],
        "siteCounty": {
          "link": "/apps/db/?ctid=5627",
          "name": "Gurabo"
        },
        "site": {
          "systemName": "High Tech Communications Services (7227)",
          "systemLocation": "Various, Puerto Rico",
          "siteNumber": "Decimal: 006 / Hex: 6",
          "siteUniqueDBID": "16918",
          "siteDescription": "Gurabo",
          "siteCountyLocation": "Gurabo",
          "siteNeighbors": "N/A",
          "siteLocation": "N/A",
          "siteModulation": "N/A",
          "siteNotes": "None",
          "siteConnectTone": "None"
        },
        "siteLink": "/apps/db/?siteId=16918",
        "siteName": "Gurabo",
        "siteID": 16918
      }
    ],
    "talkgroups": {
      "All": [
        {
          "decimal": "16288",
          "mode": "ANALOG",
          "description": "Areomed Helicopters",
          "tag": "EMS Dispatch",
          "group": "All"
        },
        {
          "decimal": "16512",
          "mode": "ANALOG",
          "description": "Capital Security Services",
          "tag": "Security",
          "group": "All"
        }
      ]
    },
    "url": "https://www.radioreference.com/apps/db/?sid=6691&opt=all_tg",
    "uniqueIdentifier": "s-6691&opt=all_tg"
  },
  {
    "systemName": "Polica de Puerto Rico (PRPD) - Red de Radio Interoperabilidad",
    "location": "Various, PR",
    "county": "Statewide",
    "systemType": "Project 25 Phase II",
    "systemVoice": "APCO-25 Common Air Interface Exclusive",
    "lastUpdated": "March 24, 2019, 3:47 pm (Deleted Site # 003 (Site 3))",
    "systemID": "7807",
    "state": "Puerto Rico",
    "sites": [
      {
        "frequencies": [
          {
            "control": false,
            "frequency": 851.3
          },
          {
            "control": "ALTERNATE",
            "frequency": 851.6375
          },
          {
            "control": "PRIMARY",
            "frequency": 852.0375
          },
          {
            "control": "ALTERNATE",
            "frequency": 852.6375
          },
          {
            "control": "ALTERNATE",
            "frequency": 853.425
          },
          {
            "control": false,
            "frequency": 854.5375
          }
        ],
        "siteCounty": {
          "link": "/apps/db/?ctid=5659",
          "name": "San Juan"
        },
        "site": {
          "systemName": "Polica de Puerto Rico (PRPD) - Red de Radio Interoperabilidad",
          "systemLocation": "Various, Puerto Rico",
          "siteNumber": "Decimal: 001 / Hex: 1",
          "siteUniqueDBID": "22664",
          "siteDescription": "Site 1-1",
          "siteCountyLocation": "San Juan",
          "siteNeighbors": "1-2, 1-3, 1-12, 1-13, 1-14",
          "siteLocation": "N/A",
          "siteModulation": "N/A",
          "siteNotes": "None",
          "siteNac": "N/A"
        },
        "siteLink": "/apps/db/?siteId=22664",
        "siteName": "Site 1-1",
        "siteID": 22664
      },
      {
        "frequencies": [
          {
            "control": false,
            "frequency": 851.0125
          },
          {
            "control": "PRIMARY",
            "frequency": 856.4625
          },
          {
            "control": false,
            "frequency": 851.65
          },
          {
            "control": "ALTERNATE",
            "frequency": 857.2375
          },
          {
            "control": false,
            "frequency": 851.9625
          },
          {
            "control": false,
            "frequency": 857.7625
          },
          {
            "control": false,
            "frequency": 852.275
          },
          {
            "control": "ALTERNATE",
            "frequency": 858.2375
          },
          {
            "control": "ALTERNATE",
            "frequency": 852.575
          },
          {
            "control": false,
            "frequency": 854.9875
          },
          {
            "control": "ALTERNATE",
            "frequency": 855.4875
          }
        ],
        "siteCounty": {},
        "site": {
          "systemName": "Polica de Puerto Rico (PRPD) - Red de Radio Interoperabilidad",
          "systemLocation": "Various, Puerto Rico",
          "siteNumber": "Decimal: 002 / Hex: 2",
          "siteUniqueDBID": "33515",
          "siteDescription": "Bayamon",
          "siteCountyLocation": "None Specified",
          "siteNeighbors": "1-1, 1-3, 1-12, 1-13, 1-14, 1-18, 1-19, 1-20",
          "siteLocation": "N/A",
          "siteModulation": "N/A",
          "siteNotes": "None",
          "siteNac": "N/A"
        },
        "siteLink": "/apps/db/?siteId=33515",
        "siteName": "Bayamon",
        "siteID": 33515
      },
      {
        "frequencies": [
          {
            "control": "ALTERNATE",
            "frequency": 852.4
          },
          {
            "control": "PRIMARY",
            "frequency": 857.4625
          },
          {
            "control": "ALTERNATE",
            "frequency": 852.7125
          },
          {
            "control": false,
            "frequency": 858.0125
          },
          {
            "control": "ALTERNATE",
            "frequency": 854.2125
          },
          {
            "control": false,
            "frequency": 858.4875
          },
          {
            "control": false,
            "frequency": 854.6875
          },
          {
            "control": false,
            "frequency": 859.4625
          },
          {
            "control": false,
            "frequency": 855.4625
          },
          {
            "control": false,
            "frequency": 856.0625
          },
          {
            "control": false,
            "frequency": 856.9375
          }
        ],
        "siteCounty": {},
        "site": {
          "systemName": "Polica de Puerto Rico (PRPD) - Red de Radio Interoperabilidad",
          "systemLocation": "Various, Puerto Rico",
          "siteNumber": "Decimal: 003 / Hex: 3",
          "siteUniqueDBID": "33512",
          "siteDescription": "Site 1-3",
          "siteCountyLocation": "None Specified",
          "siteNeighbors": "1-1, 1-2, 1-4, 1-7, 1-12, 1-13, 1-14, 1-17, 1-18",
          "siteLocation": "N/A",
          "siteModulation": "N/A",
          "siteNotes": "None",
          "siteNac": "N/A"
        },
        "siteLink": "/apps/db/?siteId=33512",
        "siteName": "Site 1-3",
        "siteID": 33512
      },
      {
        "frequencies": [
          {
            "control": "ALTERNATE",
            "frequency": 852.9875
          },
          {
            "control": "PRIMARY",
            "frequency": 853.2875
          },
          {
            "control": "ALTERNATE",
            "frequency": 854.4375
          },
          {
            "control": "ALTERNATE",
            "frequency": 858.9875
          }
        ],
        "siteCounty": {},
        "site": {
          "systemName": "Polica de Puerto Rico (PRPD) - Red de Radio Interoperabilidad",
          "systemLocation": "Various, Puerto Rico",
          "siteNumber": "Decimal: 004 / Hex: 4",
          "siteUniqueDBID": "34124",
          "siteDescription": "Site 4",
          "siteCountyLocation": "None Specified",
          "siteNeighbors": "1-3, 1-7, 1-14, 1-16, 1-17",
          "siteLocation": "N/A",
          "siteModulation": "N/A",
          "siteNotes": "None",
          "siteNac": "N/A"
        },
        "siteLink": "/apps/db/?siteId=34124",
        "siteName": "Site 4",
        "siteID": 34124
      },
      {
        "frequencies": [
          {
            "control": "ALTERNATE",
            "frequency": 852.65
          },
          {
            "control": "PRIMARY",
            "frequency": 857.4375
          },
          {
            "control": "ALTERNATE",
            "frequency": 858.1375
          },
          {
            "control": "ALTERNATE",
            "frequency": 859.2125
          }
        ],
        "siteCounty": {},
        "site": {
          "systemName": "Polica de Puerto Rico (PRPD) - Red de Radio Interoperabilidad",
          "systemLocation": "Various, Puerto Rico",
          "siteNumber": "Decimal: 005 / Hex: 5",
          "siteUniqueDBID": "34125",
          "siteDescription": "Site 5",
          "siteCountyLocation": "None Specified",
          "siteNeighbors": "1-6, 1-7, 1-8, 1-10, 1-15, 1-17, 1-18",
          "siteLocation": "N/A",
          "siteModulation": "N/A",
          "siteNotes": "None",
          "siteNac": "N/A"
        },
        "siteLink": "/apps/db/?siteId=34125",
        "siteName": "Site 5",
        "siteID": 34125
      },
      {
        "frequencies": [
          {
            "control": "ALTERNATE",
            "frequency": 851.325
          },
          {
            "control": "ALTERNATE",
            "frequency": 851.575
          },
          {
            "control": "ALTERNATE",
            "frequency": 851.825
          },
          {
            "control": "PRIMARY",
            "frequency": 852.125
          },
          {
            "control": "ALTERNATE",
            "frequency": 852.375
          },
          {
            "control": "ALTERNATE",
            "frequency": 852.9625
          }
        ],
        "siteCounty": {},
        "site": {
          "systemName": "Polica de Puerto Rico (PRPD) - Red de Radio Interoperabilidad",
          "systemLocation": "Various, Puerto Rico",
          "siteNumber": "Decimal: 006 / Hex: 6",
          "siteUniqueDBID": "34126",
          "siteDescription": "Site 6",
          "siteCountyLocation": "None Specified",
          "siteNeighbors": "1-5, 1-8, 1-10, 1-11, 1-15",
          "siteLocation": "N/A",
          "siteModulation": "N/A",
          "siteNotes": "None",
          "siteNac": "N/A"
        },
        "siteLink": "/apps/db/?siteId=34126",
        "siteName": "Site 6",
        "siteID": 34126
      },
      {
        "frequencies": [
          {
            "control": "ALTERNATE",
            "frequency": 851.125
          },
          {
            "control": "PRIMARY",
            "frequency": 851.825
          },
          {
            "control": "ALTERNATE",
            "frequency": 852.4625
          }
        ],
        "siteCounty": {},
        "site": {
          "systemName": "Polica de Puerto Rico (PRPD) - Red de Radio Interoperabilidad",
          "systemLocation": "Various, Puerto Rico",
          "siteNumber": "Decimal: 007 / Hex: 7",
          "siteUniqueDBID": "34127",
          "siteDescription": "Site 7",
          "siteCountyLocation": "None Specified",
          "siteNeighbors": "1-4, 1-5, 1-8, 1-15, 1-17, 1-18",
          "siteLocation": "N/A",
          "siteModulation": "N/A",
          "siteNotes": "None",
          "siteNac": "N/A"
        },
        "siteLink": "/apps/db/?siteId=34127",
        "siteName": "Site 7",
        "siteID": 34127
      },
      {
        "frequencies": [
          {
            "control": "PRIMARY",
            "frequency": 851.7375
          },
          {
            "control": "ALTERNATE",
            "frequency": 851.925
          },
          {
            "control": "ALTERNATE",
            "frequency": 852.225
          },
          {
            "control": false,
            "frequency": 852.85
          },
          {
            "control": "ALTERNATE",
            "frequency": 853.7875
          },
          {
            "control": "ALTERNATE",
            "frequency": 853.975
          }
        ],
        "siteCounty": {},
        "site": {
          "systemName": "Polica de Puerto Rico (PRPD) - Red de Radio Interoperabilidad",
          "systemLocation": "Various, Puerto Rico",
          "siteNumber": "Decimal: 008 / Hex: 8",
          "siteUniqueDBID": "34128",
          "siteDescription": "Site 8",
          "siteCountyLocation": "None Specified",
          "siteNeighbors": "1-5, 1-6, 1-9, 1-10, 1-15, 1-20",
          "siteLocation": "N/A",
          "siteModulation": "N/A",
          "siteNotes": "None",
          "siteNac": "N/A"
        },
        "siteLink": "/apps/db/?siteId=34128",
        "siteName": "Site 8",
        "siteID": 34128
      },
      {
        "frequencies": [
          {
            "control": "ALTERNATE",
            "frequency": 851.3
          },
          {
            "control": "PRIMARY",
            "frequency": 851.8
          },
          {
            "control": "ALTERNATE",
            "frequency": 852.2625
          },
          {
            "control": "ALTERNATE",
            "frequency": 852.75
          }
        ],
        "siteCounty": {},
        "site": {
          "systemName": "Polica de Puerto Rico (PRPD) - Red de Radio Interoperabilidad",
          "systemLocation": "Various, Puerto Rico",
          "siteNumber": "Decimal: 009 / Hex: 9",
          "siteUniqueDBID": "34129",
          "siteDescription": "Site 9",
          "siteCountyLocation": "None Specified",
          "siteNeighbors": "1-8, 1-10, 1-11, 1-15, 1-19, 1-20",
          "siteLocation": "N/A",
          "siteModulation": "N/A",
          "siteNotes": "None",
          "siteNac": "N/A"
        },
        "siteLink": "/apps/db/?siteId=34129",
        "siteName": "Site 9",
        "siteID": 34129
      },
      {
        "frequencies": [
          {
            "control": "ALTERNATE",
            "frequency": 851.275
          },
          {
            "control": "ALTERNATE",
            "frequency": 852.2875
          },
          {
            "control": "PRIMARY",
            "frequency": 852.625
          },
          {
            "control": "ALTERNATE",
            "frequency": 853.5375
          },
          {
            "control": "ALTERNATE",
            "frequency": 854.2625
          },
          {
            "control": "ALTERNATE",
            "frequency": 854.5875
          }
        ],
        "siteCounty": {},
        "site": {
          "systemName": "Polica de Puerto Rico (PRPD) - Red de Radio Interoperabilidad",
          "systemLocation": "Various, Puerto Rico",
          "siteNumber": "Decimal: 010 / Hex: a",
          "siteUniqueDBID": "34130",
          "siteDescription": "Site 10",
          "siteCountyLocation": "None Specified",
          "siteNeighbors": "1-6, 1-8, 1-9, 1-11, 1-15",
          "siteLocation": "N/A",
          "siteModulation": "N/A",
          "siteNotes": "None",
          "siteNac": "N/A"
        },
        "siteLink": "/apps/db/?siteId=34130",
        "siteName": "Site 10",
        "siteID": 34130
      },
      {
        "frequencies": [
          {
            "control": "PRIMARY",
            "frequency": 851.6
          },
          {
            "control": "ALTERNATE",
            "frequency": 852.5625
          },
          {
            "control": "ALTERNATE",
            "frequency": 852.8125
          },
          {
            "control": "ALTERNATE",
            "frequency": 853.425
          }
        ],
        "siteCounty": {},
        "site": {
          "systemName": "Polica de Puerto Rico (PRPD) - Red de Radio Interoperabilidad",
          "systemLocation": "Various, Puerto Rico",
          "siteNumber": "Decimal: 011 / Hex: b",
          "siteUniqueDBID": "34131",
          "siteDescription": "Site 11",
          "siteCountyLocation": "None Specified",
          "siteNeighbors": "1-6, 1-8, 1-10, 1-15",
          "siteLocation": "N/A",
          "siteModulation": "N/A",
          "siteNotes": "None",
          "siteNac": "N/A"
        },
        "siteLink": "/apps/db/?siteId=34131",
        "siteName": "Site 11",
        "siteID": 34131
      },
      {
        "frequencies": [
          {
            "control": "PRIMARY",
            "frequency": 851.3875
          },
          {
            "control": false,
            "frequency": 858.2625
          },
          {
            "control": "ALTERNATE",
            "frequency": 851.9125
          },
          {
            "control": "ALTERNATE",
            "frequency": 852.4125
          },
          {
            "control": false,
            "frequency": 853.3875
          },
          {
            "control": false,
            "frequency": 856.1625
          },
          {
            "control": false,
            "frequency": 857.2625
          },
          {
            "control": false,
            "frequency": 857.7375
          }
        ],
        "siteCounty": {},
        "site": {
          "systemName": "Polica de Puerto Rico (PRPD) - Red de Radio Interoperabilidad",
          "systemLocation": "Various, Puerto Rico",
          "siteNumber": "Decimal: 012 / Hex: c",
          "siteUniqueDBID": "33516",
          "siteDescription": "Site 1-12",
          "siteCountyLocation": "None Specified",
          "siteNeighbors": "1-1, 1-2, 1-3, 1-14, 1-20",
          "siteLocation": "N/A",
          "siteModulation": "N/A",
          "siteNotes": "None",
          "siteNac": "N/A"
        },
        "siteLink": "/apps/db/?siteId=33516",
        "siteName": "Site 1-12",
        "siteID": 33516
      },
      {
        "frequencies": [
          {
            "control": "ALTERNATE",
            "frequency": 851.0625
          },
          {
            "control": false,
            "frequency": 851.75
          },
          {
            "control": "PRIMARY",
            "frequency": 853.0625
          },
          {
            "control": "ALTERNATE",
            "frequency": 853.55
          },
          {
            "control": "ALTERNATE",
            "frequency": 853.825
          }
        ],
        "siteCounty": {},
        "site": {
          "systemName": "Polica de Puerto Rico (PRPD) - Red de Radio Interoperabilidad",
          "systemLocation": "Various, Puerto Rico",
          "siteNumber": "Decimal: 013 / Hex: d",
          "siteUniqueDBID": "33517",
          "siteDescription": "Site 1-13",
          "siteCountyLocation": "None Specified",
          "siteNeighbors": "1-1, 1-2, 1-3, 1-12, 1-14",
          "siteLocation": "N/A",
          "siteModulation": "N/A",
          "siteNotes": "None",
          "siteNac": "N/A"
        },
        "siteLink": "/apps/db/?siteId=33517",
        "siteName": "Site 1-13",
        "siteID": 33517
      },
      {
        "frequencies": [
          {
            "control": false,
            "frequency": 851.05
          },
          {
            "control": false,
            "frequency": 851.425
          },
          {
            "control": false,
            "frequency": 852.05
          },
          {
            "control": "PRIMARY",
            "frequency": 852.35
          },
          {
            "control": "ALTERNATE",
            "frequency": 852.675
          }
        ],
        "siteCounty": {},
        "site": {
          "systemName": "Polica de Puerto Rico (PRPD) - Red de Radio Interoperabilidad",
          "systemLocation": "Various, Puerto Rico",
          "siteNumber": "Decimal: 014 / Hex: e",
          "siteUniqueDBID": "33513",
          "siteDescription": "Site 1-14",
          "siteCountyLocation": "None Specified",
          "siteNeighbors": "1-1, 1-2, 1-3, 1-4, 1-12, 1-13, 1-16, 1-17",
          "siteLocation": "N/A",
          "siteModulation": "N/A",
          "siteNotes": "None",
          "siteNac": "065"
        },
        "siteLink": "/apps/db/?siteId=33513",
        "siteName": "Site 1-14",
        "siteID": 33513
      },
      {
        "frequencies": [
          {
            "control": "PRIMARY",
            "frequency": 851.2125
          },
          {
            "control": "ALTERNATE",
            "frequency": 851.85
          },
          {
            "control": "ALTERNATE",
            "frequency": 852.15
          },
          {
            "control": false,
            "frequency": 853.175
          }
        ],
        "siteCounty": {},
        "site": {
          "systemName": "Polica de Puerto Rico (PRPD) - Red de Radio Interoperabilidad",
          "systemLocation": "Various, Puerto Rico",
          "siteNumber": "Decimal: 015 / Hex: f",
          "siteUniqueDBID": "34132",
          "siteDescription": "Site 15",
          "siteCountyLocation": "None Specified",
          "siteNeighbors": "1-5, 1-8, 1-10, 1-19, 1-20",
          "siteLocation": "N/A",
          "siteModulation": "N/A",
          "siteNotes": "None",
          "siteNac": "N/A"
        },
        "siteLink": "/apps/db/?siteId=34132",
        "siteName": "Site 15",
        "siteID": 34132
      },
      {
        "frequencies": [
          {
            "control": "ALTERNATE",
            "frequency": 851.55
          },
          {
            "control": "PRIMARY",
            "frequency": 851.9
          },
          {
            "control": "ALTERNATE",
            "frequency": 852.2125
          },
          {
            "control": "ALTERNATE",
            "frequency": 852.5625
          },
          {
            "control": "ALTERNATE",
            "frequency": 853.15
          },
          {
            "control": "ALTERNATE",
            "frequency": 854.6375
          }
        ],
        "siteCounty": {},
        "site": {
          "systemName": "Polica de Puerto Rico (PRPD) - Red de Radio Interoperabilidad",
          "systemLocation": "Various, Puerto Rico",
          "siteNumber": "Decimal: 016 / Hex: 10",
          "siteUniqueDBID": "33514",
          "siteDescription": "Site 1-16",
          "siteCountyLocation": "None Specified",
          "siteNeighbors": "1-3, 1-4, 1-14, 1-17",
          "siteLocation": "N/A",
          "siteModulation": "N/A",
          "siteNotes": "None",
          "siteNac": "N/A"
        },
        "siteLink": "/apps/db/?siteId=33514",
        "siteName": "Site 1-16",
        "siteID": 33514
      },
      {
        "frequencies": [
          {
            "control": "ALTERNATE",
            "frequency": 852.0875
          },
          {
            "control": "PRIMARY",
            "frequency": 852.5875
          },
          {
            "control": "ALTERNATE",
            "frequency": 853.0875
          }
        ],
        "siteCounty": {},
        "site": {
          "systemName": "Polica de Puerto Rico (PRPD) - Red de Radio Interoperabilidad",
          "systemLocation": "Various, Puerto Rico",
          "siteNumber": "Decimal: 017 / Hex: 11",
          "siteUniqueDBID": "34133",
          "siteDescription": "Site 17",
          "siteCountyLocation": "None Specified",
          "siteNeighbors": "1-3, 1-4, 1-5, 1-7, 1-14, 1-15, 1-18",
          "siteLocation": "N/A",
          "siteModulation": "N/A",
          "siteNotes": "None",
          "siteNac": "N/A"
        },
        "siteLink": "/apps/db/?siteId=34133",
        "siteName": "Site 17",
        "siteID": 34133
      },
      {
        "frequencies": [
          {
            "control": "PRIMARY",
            "frequency": 853.05
          },
          {
            "control": "ALTERNATE",
            "frequency": 854.3625
          },
          {
            "control": "ALTERNATE",
            "frequency": 856.0125
          },
          {
            "control": "ALTERNATE",
            "frequency": 857.0125
          },
          {
            "control": "ALTERNATE",
            "frequency": 858.6625
          }
        ],
        "siteCounty": {},
        "site": {
          "systemName": "Polica de Puerto Rico (PRPD) - Red de Radio Interoperabilidad",
          "systemLocation": "Various, Puerto Rico",
          "siteNumber": "Decimal: 018 / Hex: 12",
          "siteUniqueDBID": "34134",
          "siteDescription": "Site 18",
          "siteCountyLocation": "None Specified",
          "siteNeighbors": "1-2, 1-5, 1-7, 1-15, 1-17, 1-19, 1-20",
          "siteLocation": "N/A",
          "siteModulation": "N/A",
          "siteNotes": "None",
          "siteNac": "N/A"
        },
        "siteLink": "/apps/db/?siteId=34134",
        "siteName": "Site 18",
        "siteID": 34134
      },
      {
        "frequencies": [
          {
            "control": "ALTERNATE",
            "frequency": 852.45
          },
          {
            "control": "PRIMARY",
            "frequency": 852.95
          },
          {
            "control": false,
            "frequency": 854.4625
          },
          {
            "control": false,
            "frequency": 856.1875
          },
          {
            "control": "ALTERNATE",
            "frequency": 858.1625
          }
        ],
        "siteCounty": {},
        "site": {
          "systemName": "Polica de Puerto Rico (PRPD) - Red de Radio Interoperabilidad",
          "systemLocation": "Various, Puerto Rico",
          "siteNumber": "Decimal: 019 / Hex: 13",
          "siteUniqueDBID": "34135",
          "siteDescription": "Site 19",
          "siteCountyLocation": "None Specified",
          "siteNeighbors": "1-2, 1-5, 1-8, 1-9, 1-15, 1-20",
          "siteLocation": "N/A",
          "siteModulation": "N/A",
          "siteNotes": "None",
          "siteNac": "N/A"
        },
        "siteLink": "/apps/db/?siteId=34135",
        "siteName": "Site 19",
        "siteID": 34135
      },
      {
        "frequencies": [
          {
            "control": "ALTERNATE",
            "frequency": 852.4875
          },
          {
            "control": "ALTERNATE",
            "frequency": 852.8
          },
          {
            "control": "PRIMARY",
            "frequency": 853.1
          },
          {
            "control": "ALTERNATE",
            "frequency": 853.275
          },
          {
            "control": "ALTERNATE",
            "frequency": 854.3875
          }
        ],
        "siteCounty": {},
        "site": {
          "systemName": "Polica de Puerto Rico (PRPD) - Red de Radio Interoperabilidad",
          "systemLocation": "Various, Puerto Rico",
          "siteNumber": "Decimal: 020 / Hex: 14",
          "siteUniqueDBID": "34182",
          "siteDescription": "Morovis",
          "siteCountyLocation": "None Specified",
          "siteNeighbors": "1-2, 1-5, 1-8, 1-9, 1-12, 1-18, 1-19",
          "siteLocation": "N/A",
          "siteModulation": "N/A",
          "siteNotes": "None",
          "siteNac": "N/A"
        },
        "siteLink": "/apps/db/?siteId=34182",
        "siteName": "Morovis",
        "siteID": 34182
      },
      {
        "frequencies": [
          {
            "control": "PRIMARY",
            "frequency": 852.3375
          },
          {
            "control": "ALTERNATE",
            "frequency": 852.8375
          },
          {
            "control": "ALTERNATE",
            "frequency": 853.3375
          }
        ],
        "siteCounty": {},
        "site": {
          "systemName": "Polica de Puerto Rico (PRPD) - Red de Radio Interoperabilidad",
          "systemLocation": "Various, Puerto Rico",
          "siteNumber": "Decimal: 022 / Hex: 16",
          "siteUniqueDBID": "34183",
          "siteDescription": "Site 22",
          "siteCountyLocation": "None Specified",
          "siteNeighbors": "N/A",
          "siteLocation": "N/A",
          "siteModulation": "N/A",
          "siteNotes": "None",
          "siteNac": "N/A"
        },
        "siteLink": "/apps/db/?siteId=34183",
        "siteName": "Site 22",
        "siteID": 34183
      },
      {
        "frequencies": [
          {
            "control": false,
            "frequency": 852.125
          },
          {
            "control": false,
            "frequency": 852.2875
          },
          {
            "control": false,
            "frequency": 852.625
          },
          {
            "control": false,
            "frequency": 852.8125
          },
          {
            "control": false,
            "frequency": 853.425
          },
          {
            "control": false,
            "frequency": 853.5375
          }
        ],
        "siteCounty": {
          "link": "/apps/db/?ctid=5597",
          "name": "Aguadilla"
        },
        "site": {
          "systemName": "Polica de Puerto Rico (PRPD) - Red de Radio Interoperabilidad",
          "systemLocation": "Various, Puerto Rico",
          "siteNumber": "Decimal: 025 / Hex: 19",
          "siteUniqueDBID": "27335",
          "siteDescription": "Peak",
          "siteCountyLocation": "Aguadilla",
          "siteNeighbors": "N/A",
          "siteLocation": "N/A",
          "siteModulation": "N/A",
          "siteNotes": "None",
          "siteNac": "N/A"
        },
        "siteLink": "/apps/db/?siteId=27335",
        "siteName": "Peak",
        "siteID": 27335
      }
    ],
    "talkgroups": {
      "Bomberos de Puerto Rico": [
        {
          "decimal": "21",
          "mode": "DIGITAL",
          "description": "Bomberos de P.R.",
          "tag": "Fire Dispatch",
          "group": "Bomberos de Puerto Rico"
        },
        {
          "decimal": "22",
          "mode": "DIGITAL",
          "description": "Bomberos de P.R. Zona Bayamon/Arecibo",
          "tag": "Fire Dispatch",
          "group": "Bomberos de Puerto Rico"
        },
        {
          "decimal": "23",
          "mode": "DIGITAL",
          "description": "Bomberos de P.R. Dist Luquillo",
          "tag": "Fire Dispatch",
          "group": "Bomberos de Puerto Rico"
        },
        {
          "decimal": "24",
          "mode": "DIGITAL",
          "description": "Bomberos de P.R. Arecibo",
          "tag": "Fire Dispatch",
          "group": "Bomberos de Puerto Rico"
        },
        {
          "decimal": "25",
          "mode": "DIGITAL",
          "description": "Bomberos de P.R. Zona Carolina",
          "tag": "Fire Dispatch",
          "group": "Bomberos de Puerto Rico"
        },
        {
          "decimal": "26",
          "mode": "DIGITAL",
          "description": "Bomberos de P.R. Zona Caguas/Arecibo",
          "tag": "Fire Dispatch",
          "group": "Bomberos de Puerto Rico"
        },
        {
          "decimal": "27",
          "mode": "DIGITAL",
          "description": "Bomberos de P.R. Zona Ponce",
          "tag": "Fire Dispatch",
          "group": "Bomberos de Puerto Rico"
        }
      ],
      "Police": [
        {
          "decimal": "162",
          "mode": "DIGITAL",
          "description": "Arecibo",
          "tag": "Law Dispatch",
          "group": "Police"
        },
        {
          "decimal": "163",
          "mode": "DIGITAL",
          "description": "Arecibo",
          "tag": "Law Dispatch",
          "group": "Police"
        },
        {
          "decimal": "180",
          "mode": "DIGITAL",
          "description": "Ponce",
          "tag": "Law Tac",
          "group": "Police"
        },
        {
          "decimal": "194",
          "mode": "DIGITAL",
          "description": "Autopista Buchanan",
          "tag": "Law Dispatch",
          "group": "Police"
        },
        {
          "decimal": "206",
          "mode": "DIGITAL",
          "description": "Fura",
          "tag": "Law Tac",
          "group": "Police"
        }
      ]
    },
    "url": "https://www.radioreference.com/apps/db/?sid=7807&opt=all_tg",
    "uniqueIdentifier": "s-7807&opt=all_tg"
  },
  {
    "systemName": "Urban Train",
    "location": "San Juan, PR",
    "county": "3 counties",
    "systemType": "Motorola Type II SmartZone",
    "systemVoice": "Analog",
    "lastUpdated": "November 27, 2018, 6:19 am (Updated General Trunked System Information)",
    "systemID": "4225",
    "state": "Puerto Rico",
    "sites": [
      {
        "frequencies": [
          {
            "control": false,
            "frequency": 852.8875
          },
          {
            "control": false,
            "frequency": 853.4125
          },
          {
            "control": false,
            "frequency": 853.9375
          },
          {
            "control": "PRIMARY",
            "frequency": 851.725
          },
          {
            "control": "PRIMARY",
            "frequency": 852.225
          }
        ],
        "siteCounty": {
          "link": "/apps/db/?ctid=5659",
          "name": "San Juan"
        },
        "site": {
          "systemName": "Urban Train",
          "systemLocation": "San Juan, Puerto Rico",
          "siteNumber": "Decimal: 001 / Hex: 1",
          "siteUniqueDBID": "1126",
          "siteDescription": "San Juan",
          "siteCountyLocation": "San Juan",
          "siteNeighbors": "N/A",
          "siteLocation": "West of the intersection of Routes 19 & 20 Overpass",
          "siteModulation": "Analog: 14K0F3E",
          "siteNotes": "None",
          "latitude": "N 18.39050",
          "longitude": "W -66.10433",
          "range": {
            "distance": 15,
            "units": "miles"
          },
          "rebanded": "Yes",
          "siteConnectTone": "None"
        },
        "siteLink": "/apps/db/?siteId=1126",
        "siteName": "San Juan",
        "siteID": 1126
      },
      {
        "frequencies": [
          {
            "control": false,
            "frequency": 851.6625
          },
          {
            "control": false,
            "frequency": 852.3875
          },
          {
            "control": "ALTERNATE",
            "frequency": 853.1375
          },
          {
            "control": "PRIMARY",
            "frequency": 853.9125
          }
        ],
        "siteCounty": {
          "link": "/apps/db/?ctid=5659",
          "name": "San Juan"
        },
        "site": {
          "systemName": "Urban Train",
          "systemLocation": "San Juan, Puerto Rico",
          "siteNumber": "Decimal: 002 / Hex: 2",
          "siteUniqueDBID": "16437",
          "siteDescription": "Rio Piedras Station",
          "siteCountyLocation": "San Juan",
          "siteNeighbors": "N/A",
          "siteLocation": "Tren Urbano Rio Piedras Undeground Station",
          "siteModulation": "Analog: 14K0F3E",
          "siteNotes": "None",
          "latitude": "N 18.39911",
          "longitude": "W -66.05211",
          "range": {
            "distance": 5,
            "units": "miles"
          },
          "rebanded": "Yes",
          "siteConnectTone": "None"
        },
        "siteLink": "/apps/db/?siteId=16437",
        "siteName": "Rio Piedras Station",
        "siteID": 16437
      }
    ],
    "talkgroups": {
      "Operations": [
        {
          "decimal": "1616",
          "mode": "ANALOG",
          "description": "Train Control",
          "tag": "Transportation",
          "group": "Operations"
        },
        {
          "decimal": "1648",
          "mode": "ANALOG",
          "description": "Security",
          "tag": "Security",
          "group": "Operations"
        },
        {
          "decimal": "1680",
          "mode": "ANALOG",
          "description": "Ops",
          "tag": "Transportation",
          "group": "Operations"
        },
        {
          "decimal": "1744",
          "mode": "ANALOG",
          "description": "Dispatch",
          "tag": "Transportation",
          "group": "Operations"
        }
      ]
    },
    "url": "https://www.radioreference.com/apps/db/?sid=4225&opt=all_tg",
    "uniqueIdentifier": "s-4225&opt=all_tg"
  },
  {
    "systemName": "Puerto Rico Electric Power Authority (DMR)",
    "location": "Various, PR",
    "county": "Statewide",
    "systemType": "DMR Motorola Connect Plus (TRBO)",
    "systemVoice": "DMR",
    "lastUpdated": "March 16, 2019, 8:25 pm (Changed Site # 011 (Site 11) to 011 (Jayuya))",
    "systemID": "10483",
    "state": "Puerto Rico",
    "sites": [
      {
        "frequencies": [
          {
            "control": "PRIMARY",
            "frequency": 935.7
          },
          {
            "control": false,
            "frequency": 936.15
          },
          {
            "control": false,
            "frequency": 936.45
          }
        ],
        "siteCounty": {
          "link": "/apps/db/?ctid=5659",
          "name": "San Juan"
        },
        "site": {
          "systemName": "Puerto Rico Electric Power Authority (DMR)",
          "systemLocation": "Various, Puerto Rico",
          "siteNumber": "Decimal: 001 / Hex: 1",
          "siteUniqueDBID": "34103",
          "siteDescription": "San Juan",
          "siteCountyLocation": "San Juan",
          "siteNeighbors": "2,3,4,10,11",
          "siteLocation": "N/A",
          "siteModulation": "N/A",
          "siteNotes": "None"
        },
        "siteLink": "/apps/db/?siteId=34103",
        "siteName": "San Juan",
        "siteID": 34103
      },
      {
        "frequencies": [
          {
            "control": "PRIMARY",
            "frequency": 936.1625
          }
        ],
        "siteCounty": {
          "link": "/apps/db/?ctid=5655",
          "name": "Rio Grande"
        },
        "site": {
          "systemName": "Puerto Rico Electric Power Authority (DMR)",
          "systemLocation": "Various, Puerto Rico",
          "siteNumber": "Decimal: 002 / Hex: 2",
          "siteUniqueDBID": "34104",
          "siteDescription": "Rio Grande",
          "siteCountyLocation": "Rio Grande",
          "siteNeighbors": "1,3,4,10,1",
          "siteLocation": "N/A",
          "siteModulation": "N/A",
          "siteNotes": "None"
        },
        "siteLink": "/apps/db/?siteId=34104",
        "siteName": "Rio Grande",
        "siteID": 34104
      },
      {
        "frequencies": [
          {
            "control": "PRIMARY",
            "frequency": 854.9375
          }
        ],
        "siteCounty": {
          "link": "/apps/db/?ctid=5641",
          "name": "Manati"
        },
        "site": {
          "systemName": "Puerto Rico Electric Power Authority (DMR)",
          "systemLocation": "Various, Puerto Rico",
          "siteNumber": "Decimal: 009 / Hex: 9",
          "siteUniqueDBID": "34105",
          "siteDescription": "Manati",
          "siteCountyLocation": "Manati",
          "siteNeighbors": "1,2,3,11,12",
          "siteLocation": "N/A",
          "siteModulation": "N/A",
          "siteNotes": "None"
        },
        "siteLink": "/apps/db/?siteId=34105",
        "siteName": "Manati",
        "siteID": 34105
      },
      {
        "frequencies": [
          {
            "control": "PRIMARY",
            "frequency": 857.2875
          }
        ],
        "siteCounty": {
          "link": "/apps/db/?ctid=5632",
          "name": "Jayuya"
        },
        "site": {
          "systemName": "Puerto Rico Electric Power Authority (DMR)",
          "systemLocation": "Various, Puerto Rico",
          "siteNumber": "Decimal: 011 / Hex: b",
          "siteUniqueDBID": "34106",
          "siteDescription": "Jayuya",
          "siteCountyLocation": "Jayuya",
          "siteNeighbors": "1,2,9,12",
          "siteLocation": "N/A",
          "siteModulation": "N/A",
          "siteNotes": "None"
        },
        "siteLink": "/apps/db/?siteId=34106",
        "siteName": "Jayuya",
        "siteID": 34106
      }
    ],
    "url": "https://www.radioreference.com/apps/db/?sid=10483&opt=all_tg",
    "uniqueIdentifier": "s-10483&opt=all_tg"
  }
]