[
  {
    "systemName": "Adult Correctional Institution Cranston",
    "location": "Cranston, RI",
    "county": "Providence",
    "systemType": "LTR Standard",
    "systemVoice": "Analog",
    "lastUpdated": "May 24, 2012, 1:41 am (Added Talkgroup 002050 Internal Operations)",
    "systemID": "5999",
    "state": "Rhode Island",
    "sites": [
      {
        "frequencies": [
          {
            "control": false,
            "frequency": 851.35
          },
          {
            "control": false,
            "frequency": 853.0625
          },
          {
            "control": false,
            "frequency": 851.8875
          },
          {
            "control": false,
            "frequency": 853.5875
          },
          {
            "control": false,
            "frequency": 852.8375
          },
          {
            "control": false,
            "frequency": 853.8375
          },
          {
            "control": false,
            "frequency": 853.1
          },
          {
            "control": false,
            "frequency": 853.7875
          },
          {
            "control": false,
            "frequency": 851.3875
          },
          {
            "control": false,
            "frequency": 852.8125
          }
        ],
        "siteCounty": {},
        "site": {
          "systemName": "Adult Correctional Institution Cranston",
          "systemLocation": "Cranston, Rhode Island",
          "siteNumber": "Decimal: 001 / Hex: 1",
          "siteUniqueDBID": "13860",
          "siteDescription": "Cranston ACI",
          "siteCountyLocation": "Providence",
          "siteNeighbors": "N/A",
          "siteLocation": "Cranston",
          "siteModulation": "N/A",
          "siteNotes": "None",
          "latitude": "N 41.879786 (System)",
          "longitude": "W -71.589661 (System)",
          "range": {
            "distance": 15,
            "units": "miles(system)"
          }
        },
        "siteLink": "/apps/db/?siteId=13860",
        "siteName": "Cranston ACI",
        "siteID": 13860
      }
    ],
    "talkgroups": {
      "Cranston ACI": [
        {
          "decimal": "0-02-050",
          "mode": "ANALOG",
          "description": "Internal Operations",
          "tag": "Corrections",
          "group": "Cranston ACI"
        },
        {
          "decimal": "0-03-020",
          "mode": "ANALOG",
          "description": "Operations",
          "tag": "Corrections",
          "group": "Cranston ACI"
        },
        {
          "decimal": "0-07-060",
          "mode": "ANALOG",
          "description": "Exterior Operations",
          "tag": "Corrections",
          "group": "Cranston ACI"
        }
      ]
    },
    "url": "https://www.radioreference.com/apps/db/?sid=5999&opt=all_tg",
    "uniqueIdentifier": "s-5999&opt=all_tg"
  },
  {
    "systemName": "Industrial Communications and Electronics (Hopkinton)",
    "location": "Hopkinton, RI",
    "county": "Washington",
    "systemType": "Motorola Type II",
    "systemVoice": "Analog",
    "lastUpdated": "December 24, 2011, 10:26 am (Updated Talkgroups (1 Updated))",
    "systemID": "4607",
    "state": "Rhode Island",
    "sites": [
      {
        "frequencies": [
          {
            "control": false,
            "frequency": 935.2625
          },
          {
            "control": "PRIMARY",
            "frequency": 936.15
          },
          {
            "control": false,
            "frequency": 936.25
          },
          {
            "control": false,
            "frequency": 936.675
          },
          {
            "control": "PRIMARY",
            "frequency": 937.725
          }
        ],
        "siteCounty": {},
        "site": {
          "systemName": "Industrial Communications and Electronics (Hopkinton)",
          "systemLocation": "Hopkinton, Rhode Island",
          "siteNumber": "Decimal: 001 / Hex: 1",
          "siteUniqueDBID": "9156",
          "siteDescription": "Champlin Hill",
          "siteCountyLocation": "Washington",
          "siteNeighbors": "N/A",
          "siteLocation": "N/A",
          "siteModulation": "N/A",
          "siteNotes": "None",
          "latitude": "N 41.395355 (System)",
          "longitude": "W -71.586914 (System)",
          "range": {
            "distance": 20,
            "units": "miles(system)"
          },
          "siteConnectTone": "None"
        },
        "siteLink": "/apps/db/?siteId=9156",
        "siteName": "Champlin Hill",
        "siteID": 9156
      }
    ],
    "talkgroups": {
      "All": [
        {
          "decimal": "112",
          "mode": "ANALOG",
          "description": "Oil Delivery",
          "tag": "Business",
          "group": "All"
        }
      ]
    },
    "url": "https://www.radioreference.com/apps/db/?sid=4607&opt=all_tg",
    "uniqueIdentifier": "s-4607&opt=all_tg"
  },
  {
    "systemName": "Challenge Electronics",
    "location": "Bristol, RI",
    "county": "Bristol",
    "systemType": "LTR Standard",
    "systemVoice": "Analog",
    "lastUpdated": "January 9, 2004, 11:29 am (Updated General System Info)",
    "systemID": "1341",
    "state": "Rhode Island",
    "sites": [
      {
        "frequencies": [
          {
            "control": false,
            "frequency": 462.0375
          },
          {
            "control": false,
            "frequency": 463.4375
          },
          {
            "control": false,
            "frequency": 463.9375
          },
          {
            "control": false,
            "frequency": 464.5875
          },
          {
            "control": false,
            "frequency": 464.8625
          }
        ],
        "siteCounty": {},
        "site": {
          "systemName": "Challenge Electronics",
          "systemLocation": "Bristol, Rhode Island",
          "siteNumber": "Decimal: 001 / Hex: 1",
          "siteUniqueDBID": "1899",
          "siteDescription": "Site-1",
          "siteCountyLocation": "None Specified",
          "siteNeighbors": "N/A",
          "siteLocation": "N/A",
          "siteModulation": "N/A",
          "siteNotes": "None",
          "latitude": "N 41.722131 (System)",
          "longitude": "W -71.288910 (System)",
          "range": {
            "distance": 6,
            "units": "miles(system)"
          }
        },
        "siteLink": "/apps/db/?siteId=1899",
        "siteName": "Site-1",
        "siteID": 1899
      }
    ],
    "url": "https://www.radioreference.com/apps/db/?sid=1341&opt=all_tg",
    "uniqueIdentifier": "s-1341&opt=all_tg"
  },
  {
    "systemName": "National Grid - RI",
    "location": "Statewide, RI",
    "county": "Statewide",
    "systemType": "LTR Standard",
    "systemVoice": "Analog",
    "lastUpdated": "January 9, 2012, 2:21 am (Updated General Trunked System Information)",
    "systemID": "7170",
    "state": "Rhode Island",
    "sites": [
      {
        "frequencies": [
          {
            "control": false,
            "frequency": 461.5
          },
          {
            "control": false,
            "frequency": 451.675
          },
          {
            "control": false,
            "frequency": 451.475
          },
          {
            "control": false,
            "frequency": 451.1
          }
        ],
        "siteCounty": {
          "link": "/apps/db/?ctid=2311",
          "name": "Providence"
        },
        "site": {
          "systemName": "National Grid - RI",
          "systemLocation": "Statewide, Rhode Island",
          "siteNumber": "Decimal: 001 / Hex: 1",
          "siteUniqueDBID": "19228",
          "siteDescription": "North",
          "siteCountyLocation": "Providence",
          "siteNeighbors": "N/A",
          "siteLocation": "Peck Hill - Johnston",
          "siteModulation": "N/A",
          "siteNotes": "None",
          "latitude": "N 41.80395176835577",
          "longitude": "W -71.55647716522219",
          "range": {
            "distance": 25,
            "units": "miles"
          }
        },
        "siteLink": "/apps/db/?siteId=19228",
        "siteName": "North",
        "siteID": 19228
      },
      {
        "frequencies": [
          {
            "control": false,
            "frequency": 451.7
          },
          {
            "control": false,
            "frequency": 451.225
          }
        ],
        "siteCounty": {
          "link": "/apps/db/?ctid=2311",
          "name": "Providence"
        },
        "site": {
          "systemName": "National Grid - RI",
          "systemLocation": "Statewide, Rhode Island",
          "siteNumber": "Decimal: 002 / Hex: 2",
          "siteUniqueDBID": "19230",
          "siteDescription": "North - 2",
          "siteCountyLocation": "Providence",
          "siteNeighbors": "N/A",
          "siteLocation": "Peck Hill - Johnston",
          "siteModulation": "N/A",
          "siteNotes": "None",
          "latitude": "N 41.853",
          "longitude": "W -71.518",
          "range": {
            "distance": 25,
            "units": "miles"
          }
        },
        "siteLink": "/apps/db/?siteId=19230",
        "siteName": "North - 2",
        "siteID": 19230
      },
      {
        "frequencies": [
          {
            "control": false,
            "frequency": 451.55
          },
          {
            "control": false,
            "frequency": 451.175
          },
          {
            "control": false,
            "frequency": 451.925
          },
          {
            "control": false,
            "frequency": 451.375
          },
          {
            "control": false,
            "frequency": 452.025
          }
        ],
        "siteCounty": {
          "link": "/apps/db/?ctid=2312",
          "name": "Washington"
        },
        "site": {
          "systemName": "National Grid - RI",
          "systemLocation": "Statewide, Rhode Island",
          "siteNumber": "Decimal: 003 / Hex: 3",
          "siteUniqueDBID": "19229",
          "siteDescription": "South",
          "siteCountyLocation": "Washington",
          "siteNeighbors": "N/A",
          "siteLocation": "Nooseneck Hill - Exeter",
          "siteModulation": "N/A",
          "siteNotes": "None",
          "latitude": "N 41.5857770412217",
          "longitude": "W -71.64800704956053",
          "range": {
            "distance": 20,
            "units": "miles"
          }
        },
        "siteLink": "/apps/db/?siteId=19229",
        "siteName": "South",
        "siteID": 19229
      }
    ],
    "talkgroups": {
      "Operations/Dispatch": [
        {
          "decimal": "0-01-040",
          "mode": "ANALOG",
          "description": "Lincoln Operations (North)",
          "tag": "Utilities",
          "group": "Operations/Dispatch"
        },
        {
          "decimal": "0-01-042",
          "mode": "ANALOG",
          "description": "Lincoln Dispatch",
          "tag": "Utilities",
          "group": "Operations/Dispatch"
        },
        {
          "decimal": "0-01-043",
          "mode": "ANALOG",
          "description": "Lincoln Storm",
          "tag": "Utilities",
          "group": "Operations/Dispatch"
        },
        {
          "decimal": "0-01-050",
          "mode": "ANALOG",
          "description": "Lincoln Operations (South)",
          "tag": "Utilities",
          "group": "Operations/Dispatch"
        }
      ],
      "Brayton Point": [
        {
          "decimal": "0-03-080",
          "mode": "ANALOG",
          "description": "Brayton Point Power Plant Operations (Fall River, MA)",
          "tag": "Utilities",
          "group": "Brayton Point"
        },
        {
          "decimal": "0-03-100",
          "mode": "ANALOG",
          "description": "Brayton Point Power Plant Operations (Fall River, MA)",
          "tag": "Utilities",
          "group": "Brayton Point"
        }
      ]
    },
    "url": "https://www.radioreference.com/apps/db/?sid=7170&opt=all_tg",
    "uniqueIdentifier": "s-7170&opt=all_tg"
  },
  {
    "systemName": "Marine Rescue Services",
    "location": "Wickford, RI",
    "county": "Washington",
    "systemType": "LTR Standard",
    "systemVoice": "Analog",
    "lastUpdated": "March 8, 2007, 8:10 am (Updated General System Info)",
    "systemID": "5229",
    "state": "Rhode Island",
    "sites": [
      {
        "frequencies": [
          {
            "control": false,
            "frequency": 464.7375
          },
          {
            "control": false,
            "frequency": 464.8375
          }
        ],
        "siteCounty": {},
        "site": {
          "systemName": "Marine Rescue Services",
          "systemLocation": "Wickford, Rhode Island",
          "siteNumber": "Decimal: 001 / Hex: 1",
          "siteUniqueDBID": "11161",
          "siteDescription": "N. Kingstown",
          "siteCountyLocation": "Washington",
          "siteNeighbors": "N/A",
          "siteLocation": "40 Snuff Mill Road",
          "siteModulation": "Analog",
          "siteNotes": "None",
          "latitude": "N 41.395355 (System)",
          "longitude": "W -71.586914 (System)",
          "range": {
            "distance": 20,
            "units": "miles(system)"
          }
        },
        "siteLink": "/apps/db/?siteId=11161",
        "siteName": "N. Kingstown",
        "siteID": 11161
      }
    ],
    "url": "https://www.radioreference.com/apps/db/?sid=5229&opt=all_tg",
    "uniqueIdentifier": "s-5229&opt=all_tg"
  },
  {
    "systemName": "Radio Phone Communications (Exeter)",
    "location": "Exeter, RI",
    "county": "Washington",
    "systemType": "LTR Standard",
    "systemVoice": "Analog",
    "lastUpdated": "December 3, 2004, 6:17 am (Changed Site-002)",
    "systemID": "1343",
    "state": "Rhode Island",
    "sites": [
      {
        "frequencies": [
          {
            "control": false,
            "frequency": 451.9
          },
          {
            "control": false,
            "frequency": 452.2625
          },
          {
            "control": false,
            "frequency": 452.7375
          },
          {
            "control": false,
            "frequency": 452.3375
          }
        ],
        "siteCounty": {},
        "site": {
          "systemName": "Radio Phone Communications (Exeter)",
          "systemLocation": "Exeter, Rhode Island",
          "siteNumber": "Decimal: 002 / Hex: 2",
          "siteUniqueDBID": "1902",
          "siteDescription": "Unconfirmed LCN",
          "siteCountyLocation": "Washington",
          "siteNeighbors": "N/A",
          "siteLocation": "N/A",
          "siteModulation": "N/A",
          "siteNotes": "None",
          "latitude": "N 41.395355 (System)",
          "longitude": "W -71.586914 (System)",
          "range": {
            "distance": 20,
            "units": "miles(system)"
          }
        },
        "siteLink": "/apps/db/?siteId=1902",
        "siteName": "Unconfirmed LCN",
        "siteID": 1902
      }
    ],
    "url": "https://www.radioreference.com/apps/db/?sid=1343&opt=all_tg",
    "uniqueIdentifier": "s-1343&opt=all_tg"
  },
  {
    "systemName": "Rhode Island Department of Corrections",
    "location": "Various, RI",
    "county": "2 counties",
    "systemType": "LTR Standard",
    "systemVoice": "Analog",
    "lastUpdated": "August 30, 2008, 1:41 pm (Deleted Site # 001 (Cranston 1))",
    "systemID": "1274",
    "state": "Rhode Island",
    "sites": [
      {
        "frequencies": [
          {
            "control": false,
            "frequency": 857.3125
          },
          {
            "control": false,
            "frequency": 856.3125
          }
        ],
        "siteCounty": {
          "link": "/apps/db/?ctid=2311",
          "name": "Providence"
        },
        "site": {
          "systemName": "Rhode Island Department of Corrections",
          "systemLocation": "Various, Rhode Island",
          "siteNumber": "Decimal: 002 / Hex: 2",
          "siteUniqueDBID": "1756",
          "siteDescription": "Cranston 2",
          "siteCountyLocation": "Providence",
          "siteNeighbors": "N/A",
          "siteLocation": "Pole 14 Laten Knight Road",
          "siteModulation": "Analog",
          "siteNotes": "None",
          "latitude": "N 41.76011",
          "longitude": "W -71.51978",
          "range": {
            "distance": 25,
            "units": "miles"
          }
        },
        "siteLink": "/apps/db/?siteId=1756",
        "siteName": "Cranston 2",
        "siteID": 1756
      },
      {
        "frequencies": [
          {
            "control": false,
            "frequency": 860.3125
          },
          {
            "control": false,
            "frequency": 859.3125
          },
          {
            "control": false,
            "frequency": 858.3375
          },
          {
            "control": false,
            "frequency": 858.3125
          },
          {
            "control": false,
            "frequency": 857.3375
          }
        ],
        "siteCounty": {
          "link": "/apps/db/?ctid=2312",
          "name": "Washington"
        },
        "site": {
          "systemName": "Rhode Island Department of Corrections",
          "systemLocation": "Various, Rhode Island",
          "siteNumber": "Decimal: 003 / Hex: 3",
          "siteUniqueDBID": "1757",
          "siteDescription": "Exeter",
          "siteCountyLocation": "Washington",
          "siteNeighbors": "N/A",
          "siteLocation": "Black Plain",
          "siteModulation": "Analog",
          "siteNotes": "None",
          "latitude": "N 41.59261",
          "longitude": "W -71.64811",
          "range": {
            "distance": 10,
            "units": "miles"
          }
        },
        "siteLink": "/apps/db/?siteId=1757",
        "siteName": "Exeter",
        "siteID": 1757
      },
      {
        "frequencies": [
          {
            "control": false,
            "frequency": 860.3125
          },
          {
            "control": false,
            "frequency": 859.3125
          },
          {
            "control": false,
            "frequency": 858.3375
          },
          {
            "control": false,
            "frequency": 858.3125
          },
          {
            "control": false,
            "frequency": 857.3375
          }
        ],
        "siteCounty": {
          "link": "/apps/db/?ctid=2311",
          "name": "Providence"
        },
        "site": {
          "systemName": "Rhode Island Department of Corrections",
          "systemLocation": "Various, Rhode Island",
          "siteNumber": "Decimal: 004 / Hex: 4",
          "siteUniqueDBID": "1758",
          "siteDescription": "Johnston",
          "siteCountyLocation": "Providence",
          "siteNeighbors": "N/A",
          "siteLocation": "Peck Hill Road",
          "siteModulation": "Analog",
          "siteNotes": "None",
          "latitude": "N 41.80344",
          "longitude": "W -71.55700",
          "range": {
            "distance": 10,
            "units": "miles"
          }
        },
        "siteLink": "/apps/db/?siteId=1758",
        "siteName": "Johnston",
        "siteID": 1758
      }
    ],
    "url": "https://www.radioreference.com/apps/db/?sid=1274&opt=all_tg",
    "uniqueIdentifier": "s-1274&opt=all_tg"
  },
  {
    "systemName": "Garabedian Communications (Exeter)",
    "location": "Exeter, RI",
    "county": "Washington",
    "systemType": "LTR Standard",
    "systemVoice": "Analog",
    "lastUpdated": "December 12, 2007, 2:43 pm (Updated General Trunked System Information)",
    "systemID": "1346",
    "state": "Rhode Island",
    "sites": [
      {
        "frequencies": [
          {
            "control": false,
            "frequency": 452.0125
          },
          {
            "control": false,
            "frequency": 461.9625
          },
          {
            "control": false,
            "frequency": 463.3625
          },
          {
            "control": false,
            "frequency": 463.5625
          },
          {
            "control": false,
            "frequency": 464.7875
          }
        ],
        "siteCounty": {},
        "site": {
          "systemName": "Garabedian Communications (Exeter)",
          "systemLocation": "Exeter, Rhode Island",
          "siteNumber": "Decimal: 002 / Hex: 2",
          "siteUniqueDBID": "1906",
          "siteDescription": "Unconfirmed LCN",
          "siteCountyLocation": "Washington",
          "siteNeighbors": "N/A",
          "siteLocation": "N/A",
          "siteModulation": "N/A",
          "siteNotes": "None",
          "latitude": "N 41.395355 (System)",
          "longitude": "W -71.586914 (System)",
          "range": {
            "distance": 20,
            "units": "miles(system)"
          }
        },
        "siteLink": "/apps/db/?siteId=1906",
        "siteName": "Unconfirmed LCN",
        "siteID": 1906
      }
    ],
    "url": "https://www.radioreference.com/apps/db/?sid=1346&opt=all_tg",
    "uniqueIdentifier": "s-1346&opt=all_tg"
  },
  {
    "systemName": "Radio-Phone Communications",
    "location": ", RI",
    "county": "Statewide",
    "systemType": "NXDN NEXEDGE 4800",
    "systemVoice": "NXDN Digital",
    "lastUpdated": "April 13, 2018, 1:30 pm ((1) Talkgroups Updated (Business Misc))",
    "systemID": "9205",
    "state": "Rhode Island",
    "sites": [
      {
        "frequencies": [
          {
            "control": false,
            "frequency": 451.9625
          },
          {
            "control": "PRIMARY",
            "frequency": 451.9875
          },
          {
            "control": false,
            "frequency": 472.1125
          },
          {
            "control": false,
            "frequency": 472.4375
          },
          {
            "control": false,
            "frequency": 472.6375
          }
        ],
        "siteCounty": {
          "link": "/apps/db/?ctid=2311",
          "name": "Providence"
        },
        "site": {
          "systemName": "Radio-Phone Communications",
          "systemLocation": ", Rhode Island",
          "siteNumber": "Decimal: 001 / Hex: 1",
          "siteUniqueDBID": "29158",
          "siteDescription": "Cranston",
          "siteCountyLocation": "Providence",
          "siteNeighbors": "N/A",
          "siteLocation": "N/A",
          "siteModulation": "N/A",
          "siteNotes": "None",
          "latitude": "N 41.879786 (County)",
          "longitude": "W -71.589661 (County)",
          "range": {
            "distance": 15,
            "units": "miles(county)"
          },
          "siteRan": "1"
        },
        "siteLink": "/apps/db/?siteId=29158",
        "siteName": "Cranston",
        "siteID": 29158
      },
      {
        "frequencies": [
          {
            "control": "PRIMARY",
            "frequency": 451.7875
          },
          {
            "control": false,
            "frequency": 451.9125
          },
          {
            "control": false,
            "frequency": 461.175
          },
          {
            "control": false,
            "frequency": 461.2
          },
          {
            "control": false,
            "frequency": 463.625
          }
        ],
        "siteCounty": {
          "link": "/apps/db/?ctid=2309",
          "name": "Kent"
        },
        "site": {
          "systemName": "Radio-Phone Communications",
          "systemLocation": ", Rhode Island",
          "siteNumber": "Decimal: 002 / Hex: 2",
          "siteUniqueDBID": "29159",
          "siteDescription": "West Warwick",
          "siteCountyLocation": "Kent",
          "siteNeighbors": "N/A",
          "siteLocation": "N/A",
          "siteModulation": "N/A",
          "siteNotes": "None",
          "latitude": "N 41.663337 (County)",
          "longitude": "W -71.624222 (County)",
          "range": {
            "distance": 12,
            "units": "miles(county)"
          },
          "siteRan": "2"
        },
        "siteLink": "/apps/db/?siteId=29159",
        "siteName": "West Warwick",
        "siteID": 29159
      },
      {
        "frequencies": [
          {
            "control": "PRIMARY",
            "frequency": 452.2625
          },
          {
            "control": false,
            "frequency": 452.3375
          },
          {
            "control": false,
            "frequency": 452.7375
          }
        ],
        "siteCounty": {
          "link": "/apps/db/?ctid=2309",
          "name": "Kent"
        },
        "site": {
          "systemName": "Radio-Phone Communications",
          "systemLocation": ", Rhode Island",
          "siteNumber": "Decimal: 003 / Hex: 3",
          "siteUniqueDBID": "29160",
          "siteDescription": "Exeter",
          "siteCountyLocation": "Kent",
          "siteNeighbors": "N/A",
          "siteLocation": "N/A",
          "siteModulation": "N/A",
          "siteNotes": "None",
          "latitude": "N 41.663337 (County)",
          "longitude": "W -71.624222 (County)",
          "range": {
            "distance": 12,
            "units": "miles(county)"
          },
          "siteRan": "3"
        },
        "siteLink": "/apps/db/?siteId=29160",
        "siteName": "Exeter",
        "siteID": 29160
      }
    ],
    "talkgroups": {
      "Transportation": [
        {
          "decimal": "3",
          "mode": "DIGITAL",
          "description": "RIPTA The Ride Vans",
          "tag": "Transportation",
          "group": "Transportation"
        }
      ],
      "Ambulance": [
        {
          "decimal": "4",
          "mode": "DIGITAL",
          "description": "Professional Ambulance",
          "tag": "Business",
          "group": "Ambulance"
        }
      ],
      "Business Misc": [
        {
          "decimal": "11",
          "mode": "DIGITAL",
          "description": "Dans Oil Inc. (Hope RI)",
          "tag": "Business",
          "group": "Business Misc"
        },
        {
          "decimal": "20",
          "mode": "DIGITAL",
          "description": "Hope Oil Company",
          "tag": "Business",
          "group": "Business Misc"
        }
      ]
    },
    "url": "https://www.radioreference.com/apps/db/?sid=9205&opt=all_tg",
    "uniqueIdentifier": "s-9205&opt=all_tg"
  },
  {
    "systemName": "Rhode Island Statewide Communications Network (RISCON)",
    "location": "Statewide, RI",
    "county": "Statewide",
    "systemType": "Project 25 Phase I",
    "systemVoice": "APCO-25 Common Air Interface Exclusive",
    "lastUpdated": "May 27, 2019, 8:19 pm (Added Talkgroup 1878 Fire \"Channel 3\"(East Providence))",
    "systemID": "4275",
    "state": "Rhode Island",
    "sites": [
      {
        "frequencies": [
          {
            "control": false,
            "frequency": 851.15
          },
          {
            "control": "PRIMARY",
            "frequency": 853.5125
          },
          {
            "control": false,
            "frequency": 851.4875
          },
          {
            "control": false,
            "frequency": 853.6875
          },
          {
            "control": false,
            "frequency": 851.85
          },
          {
            "control": "ALTERNATE",
            "frequency": 852.4
          },
          {
            "control": "ALTERNATE",
            "frequency": 852.675
          },
          {
            "control": false,
            "frequency": 852.95
          },
          {
            "control": false,
            "frequency": 853.2375
          }
        ],
        "siteCounty": {
          "link": "/apps/db/?ctid=2311",
          "name": "Providence"
        },
        "site": {
          "systemName": "Rhode Island Statewide Communications Network (RISCON)",
          "systemLocation": "Statewide, Rhode Island",
          "siteNumber": "Decimal: 001 / Hex: 1",
          "siteUniqueDBID": "10365",
          "siteDescription": "North Simulcast",
          "siteCountyLocation": "Providence",
          "siteNeighbors": "N/A",
          "siteLocation": "Multi-site Simulcast TRS.",
          "siteModulation": "CQPSK Phase 1",
          "siteNotes": "Rebanded",
          "siteNac": "190",
          "latitude": "N 41.873651",
          "longitude": "W -71.581421",
          "range": {
            "distance": 15,
            "units": "miles"
          }
        },
        "siteLink": "/apps/db/?siteId=10365",
        "siteName": "North Simulcast",
        "siteID": 10365
      },
      {
        "frequencies": [
          {
            "control": false,
            "frequency": 851.2375
          },
          {
            "control": "ALTERNATE",
            "frequency": 853.175
          },
          {
            "control": false,
            "frequency": 851.4625
          },
          {
            "control": "ALTERNATE",
            "frequency": 853.4125
          },
          {
            "control": false,
            "frequency": 851.6625
          },
          {
            "control": "PRIMARY",
            "frequency": 853.875
          },
          {
            "control": false,
            "frequency": 852.0875
          },
          {
            "control": false,
            "frequency": 852.2375
          },
          {
            "control": false,
            "frequency": 852.45
          },
          {
            "control": "ALTERNATE",
            "frequency": 852.925
          }
        ],
        "siteCounty": {
          "link": "/apps/db/?ctid=3354",
          "name": "Statewide"
        },
        "site": {
          "systemName": "Rhode Island Statewide Communications Network (RISCON)",
          "systemLocation": "Statewide, Rhode Island",
          "siteNumber": "Decimal: 002 / Hex: 2",
          "siteUniqueDBID": "2647",
          "siteDescription": "South Simulcast",
          "siteCountyLocation": "Statewide",
          "siteNeighbors": "N/A",
          "siteLocation": "N/A",
          "siteModulation": "CQPSK Phase 1",
          "siteNotes": "Rebanded",
          "siteNac": "190",
          "latitude": "N 41.508577",
          "longitude": "W -71.564941",
          "range": {
            "distance": 25,
            "units": "miles"
          }
        },
        "siteLink": "/apps/db/?siteId=2647",
        "siteName": "South Simulcast",
        "siteID": 2647
      },
      {
        "frequencies": [
          {
            "control": false,
            "frequency": 851.0625
          },
          {
            "control": "ALTERNATE",
            "frequency": 853.15
          },
          {
            "control": false,
            "frequency": 851.0875
          },
          {
            "control": "ALTERNATE",
            "frequency": 853.275
          },
          {
            "control": false,
            "frequency": 851.6125
          },
          {
            "control": false,
            "frequency": 853.375
          },
          {
            "control": false,
            "frequency": 852.425
          },
          {
            "control": false,
            "frequency": 853.55
          },
          {
            "control": false,
            "frequency": 852.6375
          },
          {
            "control": "PRIMARY",
            "frequency": 853.7125
          },
          {
            "control": false,
            "frequency": 852.7
          },
          {
            "control": false,
            "frequency": 853.0375
          }
        ],
        "siteCounty": {
          "link": "/apps/db/?ctid=2311",
          "name": "Providence"
        },
        "site": {
          "systemName": "Rhode Island Statewide Communications Network (RISCON)",
          "systemLocation": "Statewide, Rhode Island",
          "siteNumber": "Decimal: 003 / Hex: 3",
          "siteUniqueDBID": "8736",
          "siteDescription": "Providence City Simulcast",
          "siteCountyLocation": "Providence",
          "siteNeighbors": "N/A",
          "siteLocation": "N/A",
          "siteModulation": "CQPSK Phase 1",
          "siteNotes": "Rebanded",
          "siteNac": "190",
          "latitude": "N 41.825572",
          "longitude": "W -71.422119",
          "range": {
            "distance": 7.5,
            "units": "miles"
          }
        },
        "siteLink": "/apps/db/?siteId=8736",
        "siteName": "Providence City Simulcast",
        "siteID": 8736
      }
    ],
    "talkgroups": {
      "Radio Technicians": [
        {
          "decimal": "1",
          "mode": "DIGITAL",
          "description": "RISCON Radio Technicians",
          "tag": "Public Works",
          "group": "Radio Technicians"
        },
        {
          "decimal": "10125",
          "mode": "DIGITAL",
          "description": "RISCON Radio Technicians",
          "tag": "Public Works",
          "group": "Radio Technicians"
        }
      ],
      "Statewide Mutual Aid/Intersystem": [
        {
          "decimal": "2",
          "mode": "DIGITAL",
          "description": "Intercity Fire - Patched to 154.28",
          "tag": "Interop",
          "group": "Statewide Mutual Aid/Intersystem"
        },
        {
          "decimal": "3",
          "mode": "DIGITAL",
          "description": "Intercity Police - Patched to 158.97",
          "tag": "Interop",
          "group": "Statewide Mutual Aid/Intersystem"
        }
      ],
      "Statewide Area/Events": [
        {
          "decimal": "4",
          "mode": "DIGITAL",
          "description": "Wide Area 3",
          "tag": "Interop",
          "group": "Statewide Area/Events"
        },
        {
          "decimal": "5",
          "mode": "DIGITAL",
          "description": "Wide Area 4",
          "tag": "Interop",
          "group": "Statewide Area/Events"
        },
        {
          "decimal": "6",
          "mode": "DIGITAL",
          "description": "Wide Area 5",
          "tag": "Interop",
          "group": "Statewide Area/Events"
        },
        {
          "decimal": "7",
          "mode": "DIGITAL",
          "description": "Wide Area 6",
          "tag": "Interop",
          "group": "Statewide Area/Events"
        },
        {
          "decimal": "1018",
          "mode": "DIGITAL",
          "description": "Southwide CH-1",
          "tag": "Other",
          "group": "Statewide Area/Events"
        },
        {
          "decimal": "1019",
          "mode": "DIGITAL",
          "description": "Southwide CH-2",
          "tag": "Other",
          "group": "Statewide Area/Events"
        },
        {
          "decimal": "1020",
          "mode": "DIGITAL",
          "description": "Southwide CH-3",
          "tag": "Other",
          "group": "Statewide Area/Events"
        },
        {
          "decimal": "1021",
          "mode": "ENCRYPTED",
          "description": "Southwide CH-4",
          "tag": "Other",
          "group": "Statewide Area/Events"
        },
        {
          "decimal": "1022",
          "mode": "DIGITAL",
          "description": "Wide Area 7",
          "tag": "Other",
          "group": "Statewide Area/Events"
        },
        {
          "decimal": "1023",
          "mode": "ENCRYPTED",
          "description": "Wide Area 8",
          "tag": "Other",
          "group": "Statewide Area/Events"
        },
        {
          "decimal": "1025",
          "mode": "DIGITAL",
          "description": "Inland Marine Interop",
          "tag": "Interop",
          "group": "Statewide Area/Events"
        },
        {
          "decimal": "1037",
          "mode": "ENCRYPTED",
          "description": "Southside CH 5",
          "tag": "Other",
          "group": "Statewide Area/Events"
        },
        {
          "decimal": "1173",
          "mode": "DIGITAL",
          "description": "North Wide 1",
          "tag": "Other",
          "group": "Statewide Area/Events"
        },
        {
          "decimal": "1174",
          "mode": "DIGITAL",
          "description": "North Wide 2",
          "tag": "Other",
          "group": "Statewide Area/Events"
        },
        {
          "decimal": "1175",
          "mode": "DIGITAL",
          "description": "North Wide 3",
          "tag": "Other",
          "group": "Statewide Area/Events"
        },
        {
          "decimal": "1176",
          "mode": "ENCRYPTED",
          "description": "North Wide 4",
          "tag": "Other",
          "group": "Statewide Area/Events"
        },
        {
          "decimal": "1177",
          "mode": "ENCRYPTED",
          "description": "North Wide 5",
          "tag": "Other",
          "group": "Statewide Area/Events"
        },
        {
          "decimal": "1185",
          "mode": "DIGITAL",
          "description": "Metro Wide 1",
          "tag": "Other",
          "group": "Statewide Area/Events"
        },
        {
          "decimal": "1186",
          "mode": "DIGITAL",
          "description": "Metro Wide 2",
          "tag": "Other",
          "group": "Statewide Area/Events"
        },
        {
          "decimal": "1187",
          "mode": "ENCRYPTED",
          "description": "Metro Wide 3",
          "tag": "Other",
          "group": "Statewide Area/Events"
        },
        {
          "decimal": "1188",
          "mode": "ENCRYPTED",
          "description": "Metro Wide 4",
          "tag": "Other",
          "group": "Statewide Area/Events"
        },
        {
          "decimal": "11186",
          "mode": "DIGITAL",
          "description": "Metro Wide 2",
          "tag": "Other",
          "group": "Statewide Area/Events"
        }
      ],
      "Emergency Management Agency": [
        {
          "decimal": "10",
          "mode": "DIGITAL",
          "description": "Emergency Management Agency 1",
          "tag": "Emergency Ops",
          "group": "Emergency Management Agency"
        },
        {
          "decimal": "20",
          "mode": "DIGITAL",
          "description": "Emergency Management Agency",
          "tag": "Emergency Ops",
          "group": "Emergency Management Agency"
        }
      ],
      "Statewide Fire": [
        {
          "decimal": "16",
          "mode": "DIGITAL",
          "description": "State Fire Marshall",
          "tag": "Fire-Talk",
          "group": "Statewide Fire"
        },
        {
          "decimal": "1038",
          "mode": "DIGITAL",
          "description": "Northern Rhode Island Fire Chiefs",
          "tag": "Fire-Talk",
          "group": "Statewide Fire"
        },
        {
          "decimal": "1041",
          "mode": "DIGITAL",
          "description": "Southern Rhode Island Fire Chiefs",
          "tag": "Fire-Talk",
          "group": "Statewide Fire"
        }
      ],
      "Warwick": [
        {
          "decimal": "19",
          "mode": "DIGITAL",
          "description": "TG Green Aiport Fire",
          "tag": "Fire Dispatch",
          "group": "Warwick"
        },
        {
          "decimal": "1162",
          "mode": "DIGITAL",
          "description": "Fire",
          "tag": "Fire Dispatch",
          "group": "Warwick"
        }
      ],
      "State Police - District A (North)": [
        {
          "decimal": "21",
          "mode": "DIGITAL",
          "description": "North Dispatch",
          "tag": "Law Dispatch",
          "group": "State Police - District A (North)"
        },
        {
          "decimal": "22",
          "mode": "ENCRYPTED",
          "description": "North Car-to-Car/Information",
          "tag": "Law Talk",
          "group": "State Police - District A (North)"
        },
        {
          "decimal": "23",
          "mode": "ENCRYPTED",
          "description": "North Tactical Ops 2",
          "tag": "Law Tac",
          "group": "State Police - District A (North)"
        },
        {
          "decimal": "24",
          "mode": "ENCRYPTED",
          "description": "North Tactical Ops 1",
          "tag": "Law Tac",
          "group": "State Police - District A (North)"
        }
      ],
      "State Police - District B (South)": [
        {
          "decimal": "25",
          "mode": "DIGITAL",
          "description": "South Dispatch",
          "tag": "Law Dispatch",
          "group": "State Police - District B (South)"
        },
        {
          "decimal": "27",
          "mode": "ENCRYPTED",
          "description": "South Car-to-Car/Information",
          "tag": "Law Talk",
          "group": "State Police - District B (South)"
        }
      ],
      "Department of Environmental Management": [
        {
          "decimal": "120",
          "mode": "DIGITAL",
          "description": "Law Enforcement Operations",
          "tag": "Law Dispatch",
          "group": "Department of Environmental Management"
        },
        {
          "decimal": "122",
          "mode": "DIGITAL",
          "description": "Law Enforcement Police",
          "tag": "Law Talk",
          "group": "Department of Environmental Management"
        }
      ],
      "RIPTA": [
        {
          "decimal": "186",
          "mode": "ENCRYPTED",
          "description": "Rhode Island Public Transit Auth.",
          "tag": "Transportation",
          "group": "RIPTA"
        },
        {
          "decimal": "187",
          "mode": "DIGITAL",
          "description": "Rhode Island Public Transit Auth.",
          "tag": "Transportation",
          "group": "RIPTA"
        },
        {
          "decimal": "188",
          "mode": "DIGITAL",
          "description": "Rhode Island Public Transit Auth.",
          "tag": "Transportation",
          "group": "RIPTA"
        },
        {
          "decimal": "189",
          "mode": "DIGITAL",
          "description": "Rhode Island Public Transit Auth.",
          "tag": "Transportation",
          "group": "RIPTA"
        },
        {
          "decimal": "190",
          "mode": "DIGITAL",
          "description": "Rhode Island Public Transit. Auth.",
          "tag": "Transportation",
          "group": "RIPTA"
        }
      ],
      "Statewide EMS": [
        {
          "decimal": "212",
          "mode": "DIGITAL",
          "description": "Hospital Network",
          "tag": "EMS-Talk",
          "group": "Statewide EMS"
        },
        {
          "decimal": "220",
          "mode": "ENCRYPTED",
          "description": "Health 1",
          "tag": "EMS-Talk",
          "group": "Statewide EMS"
        },
        {
          "decimal": "221",
          "mode": "ENCRYPTED",
          "description": "Health 2",
          "tag": "EMS-Talk",
          "group": "Statewide EMS"
        },
        {
          "decimal": "222",
          "mode": "DIGITAL",
          "description": "Hospitals",
          "tag": "EMS-Talk",
          "group": "Statewide EMS"
        },
        {
          "decimal": "228",
          "mode": "ENCRYPTED",
          "description": "DMAT South",
          "tag": "Emergency Ops",
          "group": "Statewide EMS"
        },
        {
          "decimal": "232",
          "mode": "DIGITAL",
          "description": "Life Span Net 1",
          "tag": "EMS-Tac",
          "group": "Statewide EMS"
        },
        {
          "decimal": "234",
          "mode": "DIGITAL",
          "description": "Life Span Net 2",
          "tag": "Fire-Talk",
          "group": "Statewide EMS"
        }
      ],
      "Narragansett": [
        {
          "decimal": "1001",
          "mode": "ENCRYPTED",
          "description": "Police - Dispatch",
          "tag": "Law Dispatch",
          "group": "Narragansett"
        },
        {
          "decimal": "1002",
          "mode": "ENCRYPTED",
          "description": "Police - Car/Car",
          "tag": "Law Talk",
          "group": "Narragansett"
        },
        {
          "decimal": "1003",
          "mode": "ENCRYPTED",
          "description": "Police - Special Details 1/Town Beaches",
          "tag": "Law Tac",
          "group": "Narragansett"
        },
        {
          "decimal": "1004",
          "mode": "ENCRYPTED",
          "description": "Police - Special Details 2",
          "tag": "Law Tac",
          "group": "Narragansett"
        },
        {
          "decimal": "1005",
          "mode": "ENCRYPTED",
          "description": "Police - Harbormaster",
          "tag": "Law Talk",
          "group": "Narragansett"
        },
        {
          "decimal": "1006",
          "mode": "DIGITAL",
          "description": "Fire - Dispatch",
          "tag": "Fire Dispatch",
          "group": "Narragansett"
        },
        {
          "decimal": "1007",
          "mode": "ENCRYPTED",
          "description": "Police - Detectives",
          "tag": "Law Talk",
          "group": "Narragansett"
        },
        {
          "decimal": "1008",
          "mode": "ENCRYPTED",
          "description": "Police - Detectives",
          "tag": "Law Talk",
          "group": "Narragansett"
        },
        {
          "decimal": "1010",
          "mode": "DIGITAL",
          "description": "Town Administration",
          "tag": "Other",
          "group": "Narragansett"
        },
        {
          "decimal": "1011",
          "mode": "DIGITAL",
          "description": "Townwide Interop",
          "tag": "Interop",
          "group": "Narragansett"
        },
        {
          "decimal": "1012",
          "mode": "DIGITAL",
          "description": "Fire - Fireground 1",
          "tag": "Fire-Tac",
          "group": "Narragansett"
        },
        {
          "decimal": "1013",
          "mode": "DIGITAL",
          "description": "Fire - Fireground 2",
          "tag": "Fire-Tac",
          "group": "Narragansett"
        },
        {
          "decimal": "1014",
          "mode": "DIGITAL",
          "description": "Fire - EMS Ops",
          "tag": "EMS Dispatch",
          "group": "Narragansett"
        },
        {
          "decimal": "1016",
          "mode": "DIGITAL",
          "description": "Fire - Administration",
          "tag": "Fire-Talk",
          "group": "Narragansett"
        },
        {
          "decimal": "1017",
          "mode": "DIGITAL",
          "description": "Public Works",
          "tag": "Public Works",
          "group": "Narragansett"
        }
      ],
      "South Kingstown": [
        {
          "decimal": "1015",
          "mode": "ENCRYPTED",
          "description": "EMS",
          "tag": "EMS Dispatch",
          "group": "South Kingstown"
        },
        {
          "decimal": "1026",
          "mode": "DIGITAL",
          "description": "Union Fire District - Special Events",
          "tag": "Fire-Talk",
          "group": "South Kingstown"
        },
        {
          "decimal": "1225",
          "mode": "ENCRYPTED",
          "description": "Police 1 - Dispatch",
          "tag": "Law Dispatch",
          "group": "South Kingstown"
        },
        {
          "decimal": "1226",
          "mode": "ENCRYPTED",
          "description": "Police 2 - Car/Car",
          "tag": "Law Talk",
          "group": "South Kingstown"
        },
        {
          "decimal": "1227",
          "mode": "DIGITAL",
          "description": "Union Fire District - Fireground 1",
          "tag": "Fire-Tac",
          "group": "South Kingstown"
        },
        {
          "decimal": "1232",
          "mode": "ENCRYPTED",
          "description": "Police 3 - Tactical",
          "tag": "Law Tac",
          "group": "South Kingstown"
        },
        {
          "decimal": "1235",
          "mode": "ENCRYPTED",
          "description": "Police 5 - Tactical",
          "tag": "Law Tac",
          "group": "South Kingstown"
        },
        {
          "decimal": "1236",
          "mode": "DIGITAL",
          "description": "Fire - UHF Simulcast",
          "tag": "Fire-Tac",
          "group": "South Kingstown"
        },
        {
          "decimal": "1237",
          "mode": "DIGITAL",
          "description": "Union Fire District - Fireground 2",
          "tag": "Fire-Tac",
          "group": "South Kingstown"
        },
        {
          "decimal": "1240",
          "mode": "DIGITAL",
          "description": "Fire - Detail",
          "tag": "Fire-Talk",
          "group": "South Kingstown"
        }
      ],
      "Statewide Emergency Response": [
        {
          "decimal": "1033",
          "mode": "DIGITAL",
          "description": "Tanker Taskforce",
          "tag": "Fire-Tac",
          "group": "Statewide Emergency Response"
        },
        {
          "decimal": "1034",
          "mode": "DIGITAL",
          "description": "Hazmat 1",
          "tag": "Fire-Tac",
          "group": "Statewide Emergency Response"
        },
        {
          "decimal": "1035",
          "mode": "DIGITAL",
          "description": "Hazmat 2",
          "tag": "Fire-Tac",
          "group": "Statewide Emergency Response"
        }
      ],
      "Washington County": [
        {
          "decimal": "1042",
          "mode": "DIGITAL",
          "description": "County Fireground",
          "tag": "Fire-Tac",
          "group": "Washington County"
        },
        {
          "decimal": "1479",
          "mode": "DIGITAL",
          "description": "County Fire Station/Station",
          "tag": "Fire-Talk",
          "group": "Washington County"
        }
      ],
      "Westerly": [
        {
          "decimal": "1050",
          "mode": "ENCRYPTED",
          "description": "Police 1 - Dispatch",
          "tag": "Law Dispatch",
          "group": "Westerly"
        },
        {
          "decimal": "1051",
          "mode": "ENCRYPTED",
          "description": "Police 2",
          "tag": "Law Talk",
          "group": "Westerly"
        },
        {
          "decimal": "1052",
          "mode": "ENCRYPTED",
          "description": "Police 3",
          "tag": "Law Talk",
          "group": "Westerly"
        },
        {
          "decimal": "1053",
          "mode": "ENCRYPTED",
          "description": "Police 4",
          "tag": "Law Talk",
          "group": "Westerly"
        },
        {
          "decimal": "1054",
          "mode": "DIGITAL",
          "description": "Police 5 - Reserve Officers",
          "tag": "Law Talk",
          "group": "Westerly"
        },
        {
          "decimal": "1063",
          "mode": "DIGITAL",
          "description": "Fire",
          "tag": "Fire Dispatch",
          "group": "Westerly"
        },
        {
          "decimal": "1064",
          "mode": "DIGITAL",
          "description": "Police 6 - Traffic Division",
          "tag": "Law Talk",
          "group": "Westerly"
        },
        {
          "decimal": "1072",
          "mode": "DIGITAL",
          "description": "Police/Fire/EMS Ops",
          "tag": "Multi-Talk",
          "group": "Westerly"
        }
      ],
      "Jamestown": [
        {
          "decimal": "1100",
          "mode": "ENCRYPTED",
          "description": "Police 1 - Dispatch",
          "tag": "Law Dispatch",
          "group": "Jamestown"
        },
        {
          "decimal": "1101",
          "mode": "ENCRYPTED",
          "description": "Police 2",
          "tag": "Law Dispatch",
          "group": "Jamestown"
        },
        {
          "decimal": "1108",
          "mode": "DIGITAL",
          "description": "Fire",
          "tag": "Fire Dispatch",
          "group": "Jamestown"
        }
      ],
      "College/Education Security": [
        {
          "decimal": "1126",
          "mode": "ENCRYPTED",
          "description": "Police - Dispatch",
          "tag": "Security",
          "group": "College/Education Security"
        },
        {
          "decimal": "10228",
          "mode": "ENCRYPTED",
          "description": "Rhode Island School of Design - Security",
          "tag": "Security",
          "group": "College/Education Security"
        },
        {
          "decimal": "10229",
          "mode": "ENCRYPTED",
          "description": "Providence College Security - Dispatch",
          "tag": "Security",
          "group": "College/Education Security"
        },
        {
          "decimal": "10230",
          "mode": "DIGITAL",
          "description": "Rhode Island College Security",
          "tag": "Security",
          "group": "College/Education Security"
        },
        {
          "decimal": "11001",
          "mode": "ENCRYPTED",
          "description": "Brown University Police - Dispatch",
          "tag": "Security",
          "group": "College/Education Security"
        },
        {
          "decimal": "11002",
          "mode": "ENCRYPTED",
          "description": "Brown University Police - Car-to-Car",
          "tag": "Security",
          "group": "College/Education Security"
        },
        {
          "decimal": "11003",
          "mode": "ENCRYPTED",
          "description": "Brown University Police - Tactical",
          "tag": "Security",
          "group": "College/Education Security"
        }
      ],
      "Exeter": [
        {
          "decimal": "1241",
          "mode": "DIGITAL",
          "description": "Fire - Fireground",
          "tag": "Fire-Tac",
          "group": "Exeter"
        }
      ],
      "Portsmouth": [
        {
          "decimal": "1253",
          "mode": "ENCRYPTED",
          "description": "Police",
          "tag": "Law Dispatch",
          "group": "Portsmouth"
        }
      ],
      "Little Compton": [
        {
          "decimal": "1264",
          "mode": "DIGITAL",
          "description": "Police",
          "tag": "Law Dispatch",
          "group": "Little Compton"
        },
        {
          "decimal": "1266",
          "mode": "DIGITAL",
          "description": "Fire",
          "tag": "Fire Dispatch",
          "group": "Little Compton"
        }
      ],
      "North Kingstown": [
        {
          "decimal": "1280",
          "mode": "DIGITAL",
          "description": "Fire - Dispatch",
          "tag": "Fire Dispatch",
          "group": "North Kingstown"
        },
        {
          "decimal": "1281",
          "mode": "DIGITAL",
          "description": "Fire - Fireground",
          "tag": "Fire-Tac",
          "group": "North Kingstown"
        },
        {
          "decimal": "1285",
          "mode": "DIGITAL",
          "description": "Police 1 - Dispatch",
          "tag": "Law Dispatch",
          "group": "North Kingstown"
        },
        {
          "decimal": "1286",
          "mode": "ENCRYPTED",
          "description": "Police 2 - Admin",
          "tag": "Law Talk",
          "group": "North Kingstown"
        },
        {
          "decimal": "1287",
          "mode": "DIGITAL",
          "description": "Police 3 - Car/Car",
          "tag": "Law Tac",
          "group": "North Kingstown"
        }
      ],
      "Newport": [
        {
          "decimal": "1293",
          "mode": "DIGITAL",
          "description": "Public Works",
          "tag": "Public Works",
          "group": "Newport"
        },
        {
          "decimal": "1297",
          "mode": "DIGITAL",
          "description": "Citywide Events",
          "tag": "Public Works",
          "group": "Newport"
        },
        {
          "decimal": "1300",
          "mode": "ENCRYPTED",
          "description": "Police 1 - Dispatch",
          "tag": "Law Dispatch",
          "group": "Newport"
        },
        {
          "decimal": "1301",
          "mode": "DIGITAL",
          "description": "Fire - Training",
          "tag": "Fire-Talk",
          "group": "Newport"
        },
        {
          "decimal": "1302",
          "mode": "ENCRYPTED",
          "description": "Police 2 - Records",
          "tag": "Law Talk",
          "group": "Newport"
        },
        {
          "decimal": "1303",
          "mode": "DIGITAL",
          "description": "Fire Dispatch/Operations",
          "tag": "Fire Dispatch",
          "group": "Newport"
        },
        {
          "decimal": "1304",
          "mode": "ENCRYPTED",
          "description": "Police 4 - Tactical 1",
          "tag": "Law Talk",
          "group": "Newport"
        },
        {
          "decimal": "1305",
          "mode": "DIGITAL",
          "description": "Fireground Ops 1",
          "tag": "Fire-Tac",
          "group": "Newport"
        },
        {
          "decimal": "1306",
          "mode": "DIGITAL",
          "description": "Fireground Ops 2",
          "tag": "Fire-Tac",
          "group": "Newport"
        },
        {
          "decimal": "1307",
          "mode": "ENCRYPTED",
          "description": "Police 7 - Tactical 4",
          "tag": "Law Talk",
          "group": "Newport"
        },
        {
          "decimal": "1308",
          "mode": "ENCRYPTED",
          "description": "Police 8 - Tactical 5",
          "tag": "Law Talk",
          "group": "Newport"
        }
      ],
      "Tiverton": [
        {
          "decimal": "1315",
          "mode": "DIGITAL",
          "description": "Fire (Simulcast 471.7875)",
          "tag": "Fire Dispatch",
          "group": "Tiverton"
        },
        {
          "decimal": "1316",
          "mode": "DIGITAL",
          "description": "Police (Simulcast 482.9625)",
          "tag": "Law Dispatch",
          "group": "Tiverton"
        }
      ],
      "Middletown": [
        {
          "decimal": "1335",
          "mode": "DIGITAL",
          "description": "Fire",
          "tag": "Fire Dispatch",
          "group": "Middletown"
        },
        {
          "decimal": "1336",
          "mode": "DIGITAL",
          "description": "Fireground",
          "tag": "Fire-Tac",
          "group": "Middletown"
        },
        {
          "decimal": "1338",
          "mode": "DIGITAL",
          "description": "Police",
          "tag": "Law Dispatch",
          "group": "Middletown"
        }
      ],
      "Newport County": [
        {
          "decimal": "1343",
          "mode": "DIGITAL",
          "description": "Newport-Middletown Intercity",
          "tag": "Interop",
          "group": "Newport County"
        }
      ],
      "Woonsocket": [
        {
          "decimal": "1354",
          "mode": "DIGITAL",
          "description": "Fire - Fireground 3",
          "tag": "Fire-Tac",
          "group": "Woonsocket"
        },
        {
          "decimal": "1360",
          "mode": "DIGITAL",
          "description": "Fire - Administrative",
          "tag": "Fire-Talk",
          "group": "Woonsocket"
        },
        {
          "decimal": "1361",
          "mode": "DIGITAL",
          "description": "Fire Dispatch - Operations",
          "tag": "Fire Dispatch",
          "group": "Woonsocket"
        },
        {
          "decimal": "1363",
          "mode": "DIGITAL",
          "description": "Police 1 - Dispatch",
          "tag": "Law Dispatch",
          "group": "Woonsocket"
        },
        {
          "decimal": "1364",
          "mode": "ENCRYPTED",
          "description": "Police 2",
          "tag": "Law Talk",
          "group": "Woonsocket"
        },
        {
          "decimal": "1367",
          "mode": "DIGITAL",
          "description": "Citywide",
          "tag": "Multi-Talk",
          "group": "Woonsocket"
        }
      ],
      "New Shoreham": [
        {
          "decimal": "1376",
          "mode": "DIGITAL",
          "description": "Police",
          "tag": "Law Dispatch",
          "group": "New Shoreham"
        }
      ],
      "Hopkinton": [
        {
          "decimal": "1410",
          "mode": "ENCRYPTED",
          "description": "Police",
          "tag": "Law Dispatch",
          "group": "Hopkinton"
        }
      ],
      "Charlestown": [
        {
          "decimal": "1429",
          "mode": "DIGITAL",
          "description": "EMS - Linked to 151.3325",
          "tag": "EMS Dispatch",
          "group": "Charlestown"
        },
        {
          "decimal": "1430",
          "mode": "DIGITAL",
          "description": "Police Operations -  Simulcast of UHF",
          "tag": "Law Dispatch",
          "group": "Charlestown"
        }
      ],
      "Pawtucket": [
        {
          "decimal": "1440",
          "mode": "DIGITAL",
          "description": "Fire - Fireground",
          "tag": "Fire-Tac",
          "group": "Pawtucket"
        }
      ],
      "Scituate": [
        {
          "decimal": "1460",
          "mode": "DIGITAL",
          "description": "Police",
          "tag": "Law Dispatch",
          "group": "Scituate"
        }
      ],
      "Coventry": [
        {
          "decimal": "1480",
          "mode": "DIGITAL",
          "description": "Fire",
          "tag": "Fire Dispatch",
          "group": "Coventry"
        },
        {
          "decimal": "1483",
          "mode": "DIGITAL",
          "description": "Police 1 - Dispatch",
          "tag": "Law Dispatch",
          "group": "Coventry"
        },
        {
          "decimal": "1484",
          "mode": "DIGITAL",
          "description": "Police 2",
          "tag": "Law Tac",
          "group": "Coventry"
        }
      ],
      "Cranston": [
        {
          "decimal": "1500",
          "mode": "DIGITAL",
          "description": "Fire - Dispatch",
          "tag": "Fire Dispatch",
          "group": "Cranston"
        },
        {
          "decimal": "1501",
          "mode": "DIGITAL",
          "description": "Fire - Tactical 1",
          "tag": "Fire-Tac",
          "group": "Cranston"
        },
        {
          "decimal": "1502",
          "mode": "DIGITAL",
          "description": "Fire - Tactical 2",
          "tag": "Fire-Tac",
          "group": "Cranston"
        },
        {
          "decimal": "1503",
          "mode": "DIGITAL",
          "description": "Fire - Command",
          "tag": "Fire-Talk",
          "group": "Cranston"
        },
        {
          "decimal": "1504",
          "mode": "DIGITAL",
          "description": "Fire - Arson",
          "tag": "Fire-Talk",
          "group": "Cranston"
        }
      ],
      "Cumberland": [
        {
          "decimal": "1520",
          "mode": "DIGITAL",
          "description": "Fire",
          "tag": "Fire Dispatch",
          "group": "Cumberland"
        }
      ],
      "North Providence": [
        {
          "decimal": "1536",
          "mode": "ENCRYPTED",
          "description": "Police 1 - Dispatch",
          "tag": "Law Dispatch",
          "group": "North Providence"
        },
        {
          "decimal": "1537",
          "mode": "ENCRYPTED",
          "description": "Police 2 - Car/Car",
          "tag": "Law Talk",
          "group": "North Providence"
        },
        {
          "decimal": "1538",
          "mode": "ENCRYPTED",
          "description": "Police 3 - Tactical",
          "tag": "Law Tac",
          "group": "North Providence"
        },
        {
          "decimal": "1544",
          "mode": "DIGITAL",
          "description": "Townwide 1",
          "tag": "Interop",
          "group": "North Providence"
        },
        {
          "decimal": "1545",
          "mode": "DIGITAL",
          "description": "Townwide 2",
          "tag": "Interop",
          "group": "North Providence"
        },
        {
          "decimal": "1547",
          "mode": "DIGITAL",
          "description": "Fire - Dispatch (Simulcast on 154.250)",
          "tag": "Fire Dispatch",
          "group": "North Providence"
        },
        {
          "decimal": "1548",
          "mode": "DIGITAL",
          "description": "Fire - Fireground 1",
          "tag": "Fire-Tac",
          "group": "North Providence"
        },
        {
          "decimal": "1549",
          "mode": "DIGITAL",
          "description": "Fire - Fireground 2",
          "tag": "Fire-Tac",
          "group": "North Providence"
        },
        {
          "decimal": "1550",
          "mode": "DIGITAL",
          "description": "Fire - Fireground 3",
          "tag": "Fire-Tac",
          "group": "North Providence"
        },
        {
          "decimal": "1551",
          "mode": "DIGITAL",
          "description": "Fire - Dispatch",
          "tag": "Fire Dispatch",
          "group": "North Providence"
        },
        {
          "decimal": "1552",
          "mode": "DIGITAL",
          "description": "Townwide Common",
          "tag": "Interop",
          "group": "North Providence"
        },
        {
          "decimal": "1554",
          "mode": "DIGITAL",
          "description": "DPW",
          "tag": "Public Works",
          "group": "North Providence"
        }
      ],
      "Johnston": [
        {
          "decimal": "1616",
          "mode": "DIGITAL",
          "description": "Fire - Fireground",
          "tag": "Fire-Tac",
          "group": "Johnston"
        },
        {
          "decimal": "1619",
          "mode": "ENCRYPTED",
          "description": "Police",
          "tag": "Law Dispatch",
          "group": "Johnston"
        }
      ],
      "Smithfield": [
        {
          "decimal": "1648",
          "mode": "DIGITAL",
          "description": "Fire - Fireground",
          "tag": "Fire-Tac",
          "group": "Smithfield"
        },
        {
          "decimal": "1651",
          "mode": "DIGITAL",
          "description": "Police",
          "tag": "Law Dispatch",
          "group": "Smithfield"
        },
        {
          "decimal": "1652",
          "mode": "DIGITAL",
          "description": "Police Operations",
          "tag": "Law Tac",
          "group": "Smithfield"
        },
        {
          "decimal": "1653",
          "mode": "ENCRYPTED",
          "description": "Police Detectives",
          "tag": "Law Tac",
          "group": "Smithfield"
        },
        {
          "decimal": "1654",
          "mode": "ENCRYPTED",
          "description": "Police Admin",
          "tag": "Law Talk",
          "group": "Smithfield"
        },
        {
          "decimal": "1655",
          "mode": "DIGITAL",
          "description": "Town-Wide",
          "tag": "Multi-Tac",
          "group": "Smithfield"
        },
        {
          "decimal": "1657",
          "mode": "DIGITAL",
          "description": "Emergency Management",
          "tag": "Emergency Ops",
          "group": "Smithfield"
        },
        {
          "decimal": "1660",
          "mode": "DIGITAL",
          "description": "Public Works",
          "tag": "Public Works",
          "group": "Smithfield"
        },
        {
          "decimal": "1661",
          "mode": "DIGITAL",
          "description": "Police Details",
          "tag": "Law Talk",
          "group": "Smithfield"
        }
      ],
      "Lincoln": [
        {
          "decimal": "1680",
          "mode": "DIGITAL",
          "description": "Fire Dispatch",
          "tag": "Fire Dispatch",
          "group": "Lincoln"
        },
        {
          "decimal": "1681",
          "mode": "DIGITAL",
          "description": "Fireground 2",
          "tag": "Fire-Tac",
          "group": "Lincoln"
        },
        {
          "decimal": "1682",
          "mode": "DIGITAL",
          "description": "EMS",
          "tag": "EMS Dispatch",
          "group": "Lincoln"
        },
        {
          "decimal": "1683",
          "mode": "DIGITAL",
          "description": "Police F1",
          "tag": "Law Dispatch",
          "group": "Lincoln"
        },
        {
          "decimal": "1684",
          "mode": "DIGITAL",
          "description": "Police F2",
          "tag": "Law Tac",
          "group": "Lincoln"
        },
        {
          "decimal": "1687",
          "mode": "DIGITAL",
          "description": "Townwide",
          "tag": "Interop",
          "group": "Lincoln"
        },
        {
          "decimal": "1688",
          "mode": "DIGITAL",
          "description": "Emergency Management",
          "tag": "Emergency Ops",
          "group": "Lincoln"
        },
        {
          "decimal": "1691",
          "mode": "DIGITAL",
          "description": "Fireground 3",
          "tag": "Fire-Tac",
          "group": "Lincoln"
        },
        {
          "decimal": "1692",
          "mode": "DIGITAL",
          "description": "Public Works",
          "tag": "Public Works",
          "group": "Lincoln"
        }
      ],
      "Barrington": [
        {
          "decimal": "1712",
          "mode": "DIGITAL",
          "description": "Fire 1 Dispatch",
          "tag": "Fire Dispatch",
          "group": "Barrington"
        },
        {
          "decimal": "1713",
          "mode": "DIGITAL",
          "description": "Fire 2",
          "tag": "Fire-Tac",
          "group": "Barrington"
        }
      ],
      "West Greenwich": [
        {
          "decimal": "1805",
          "mode": "DIGITAL",
          "description": "Police",
          "tag": "Law Dispatch",
          "group": "West Greenwich"
        },
        {
          "decimal": "1806",
          "mode": "DIGITAL",
          "description": "Police Secondary",
          "tag": "Law Tac",
          "group": "West Greenwich"
        }
      ],
      "Central Falls": [
        {
          "decimal": "1835",
          "mode": "DIGITAL",
          "description": "Fire Dispatch (Simulcast of UHF)",
          "tag": "Fire Dispatch",
          "group": "Central Falls"
        },
        {
          "decimal": "1836",
          "mode": "DIGITAL",
          "description": "Fireground",
          "tag": "Fire-Tac",
          "group": "Central Falls"
        },
        {
          "decimal": "1838",
          "mode": "DIGITAL",
          "description": "Police 1 Dispatch",
          "tag": "Law Dispatch",
          "group": "Central Falls"
        },
        {
          "decimal": "1839",
          "mode": "DIGITAL",
          "description": "Police 2",
          "tag": "Law Dispatch",
          "group": "Central Falls"
        }
      ],
      "East Providence": [
        {
          "decimal": "1866",
          "mode": "DIGITAL",
          "description": "Fire",
          "tag": "Fire Dispatch",
          "group": "East Providence"
        },
        {
          "decimal": "1867",
          "mode": "DIGITAL",
          "description": "Fire \"Channel 2\"",
          "tag": "Fire-Tac",
          "group": "East Providence"
        },
        {
          "decimal": "1869",
          "mode": "DIGITAL",
          "description": "Police 1 - Dispatch",
          "tag": "Law Dispatch",
          "group": "East Providence"
        },
        {
          "decimal": "1870",
          "mode": "ENCRYPTED",
          "description": "Police 2",
          "tag": "Law Talk",
          "group": "East Providence"
        },
        {
          "decimal": "1872",
          "mode": "ENCRYPTED",
          "description": "Police 3",
          "tag": "Law Talk",
          "group": "East Providence"
        },
        {
          "decimal": "1878",
          "mode": "DIGITAL",
          "description": "Fire \"Channel 3\"",
          "tag": "Fire-Tac",
          "group": "East Providence"
        }
      ],
      "Foster": [
        {
          "decimal": "1904",
          "mode": "DIGITAL",
          "description": "Fire",
          "tag": "Fire Dispatch",
          "group": "Foster"
        }
      ],
      "Glocester": [
        {
          "decimal": "1939",
          "mode": "DIGITAL",
          "description": "Police",
          "tag": "Law Dispatch",
          "group": "Glocester"
        },
        {
          "decimal": "1940",
          "mode": "DIGITAL",
          "description": "Police Secondary",
          "tag": "Law Tac",
          "group": "Glocester"
        }
      ],
      "North Smithfield": [
        {
          "decimal": "1968",
          "mode": "DIGITAL",
          "description": "Fire Dispatch/Operations",
          "tag": "Fire Dispatch",
          "group": "North Smithfield"
        },
        {
          "decimal": "1969",
          "mode": "DIGITAL",
          "description": "Fire Secondary",
          "tag": "Fire-Tac",
          "group": "North Smithfield"
        },
        {
          "decimal": "1971",
          "mode": "ENCRYPTED",
          "description": "Police",
          "tag": "Law Dispatch",
          "group": "North Smithfield"
        },
        {
          "decimal": "1981",
          "mode": "DIGITAL",
          "description": "Fireground",
          "tag": "Fire-Tac",
          "group": "North Smithfield"
        }
      ],
      "Burrillville": [
        {
          "decimal": "2000",
          "mode": "DIGITAL",
          "description": "Fire Misc (Ops are VHF)",
          "tag": "Fire-Tac",
          "group": "Burrillville"
        },
        {
          "decimal": "2001",
          "mode": "DIGITAL",
          "description": "Fire TAC-1",
          "tag": "Fire-Tac",
          "group": "Burrillville"
        },
        {
          "decimal": "2002",
          "mode": "DIGITAL",
          "description": "EMS Misc (Ops are VHF)",
          "tag": "EMS-Tac",
          "group": "Burrillville"
        },
        {
          "decimal": "2003",
          "mode": "DIGITAL",
          "description": "Police",
          "tag": "Law Dispatch",
          "group": "Burrillville"
        },
        {
          "decimal": "2004",
          "mode": "DIGITAL",
          "description": "Police 2",
          "tag": "Law Talk",
          "group": "Burrillville"
        },
        {
          "decimal": "2005",
          "mode": "ENCRYPTED",
          "description": "Police 3 Detectives",
          "tag": "Law Tac",
          "group": "Burrillville"
        },
        {
          "decimal": "2006",
          "mode": "DIGITAL",
          "description": "Police 4",
          "tag": "Law Tac",
          "group": "Burrillville"
        },
        {
          "decimal": "2007",
          "mode": "DIGITAL",
          "description": "Town-Wide",
          "tag": "Multi-Tac",
          "group": "Burrillville"
        },
        {
          "decimal": "2008",
          "mode": "DIGITAL",
          "description": "Emergency Management",
          "tag": "Emergency Ops",
          "group": "Burrillville"
        },
        {
          "decimal": "2009",
          "mode": "DIGITAL",
          "description": "Fire TAC-2",
          "tag": "Fire-Tac",
          "group": "Burrillville"
        }
      ],
      "Richmond": [
        {
          "decimal": "2035",
          "mode": "DIGITAL",
          "description": "Police",
          "tag": "Law Dispatch",
          "group": "Richmond"
        }
      ],
      "Providence (City)": [
        {
          "decimal": "10000",
          "mode": "DIGITAL",
          "description": "Police - All Call - Emergency Broadcasts",
          "tag": "Emergency Ops",
          "group": "Providence (City)"
        },
        {
          "decimal": "10001",
          "mode": "DIGITAL",
          "description": "Police 1 - Dispatch",
          "tag": "Law Dispatch",
          "group": "Providence (City)"
        },
        {
          "decimal": "10002",
          "mode": "ENCRYPTED",
          "description": "Police 2",
          "tag": "Law Talk",
          "group": "Providence (City)"
        },
        {
          "decimal": "10003",
          "mode": "ENCRYPTED",
          "description": "Police 3",
          "tag": "Law Talk",
          "group": "Providence (City)"
        },
        {
          "decimal": "10004",
          "mode": "ENCRYPTED",
          "description": "Police 4",
          "tag": "Law Talk",
          "group": "Providence (City)"
        },
        {
          "decimal": "10005",
          "mode": "ENCRYPTED",
          "description": "Police 5 -Detectives 1",
          "tag": "Law Talk",
          "group": "Providence (City)"
        },
        {
          "decimal": "10006",
          "mode": "ENCRYPTED",
          "description": "Police 6 - Car-to-Car",
          "tag": "Law Talk",
          "group": "Providence (City)"
        },
        {
          "decimal": "10007",
          "mode": "ENCRYPTED",
          "description": "Police 7 - Narcotics 1",
          "tag": "Law Talk",
          "group": "Providence (City)"
        },
        {
          "decimal": "10008",
          "mode": "ENCRYPTED",
          "description": "Police 8 - Narcotics 2",
          "tag": "Law Tac",
          "group": "Providence (City)"
        },
        {
          "decimal": "10009",
          "mode": "ENCRYPTED",
          "description": "Police 9 - Detectives 2",
          "tag": "Law Talk",
          "group": "Providence (City)"
        },
        {
          "decimal": "10010",
          "mode": "ENCRYPTED",
          "description": "Police 10 - Special Details 1",
          "tag": "Law Tac",
          "group": "Providence (City)"
        },
        {
          "decimal": "10011",
          "mode": "ENCRYPTED",
          "description": "Police 11 - Special Details 2",
          "tag": "Law Tac",
          "group": "Providence (City)"
        },
        {
          "decimal": "10012",
          "mode": "ENCRYPTED",
          "description": "Police 12 - Corrections Security",
          "tag": "Law Talk",
          "group": "Providence (City)"
        },
        {
          "decimal": "10013",
          "mode": "ENCRYPTED",
          "description": "Police 13 - Special Response Unit",
          "tag": "Law Tac",
          "group": "Providence (City)"
        },
        {
          "decimal": "10014",
          "mode": "ENCRYPTED",
          "description": "Police 14 - Administration",
          "tag": "Law Talk",
          "group": "Providence (City)"
        },
        {
          "decimal": "10100",
          "mode": "DIGITAL",
          "description": "Fire All Call - Emergency Broadcasts",
          "tag": "Emergency Ops",
          "group": "Providence (City)"
        },
        {
          "decimal": "10101",
          "mode": "DIGITAL",
          "description": "Fire Dispatch",
          "tag": "Fire Dispatch",
          "group": "Providence (City)"
        },
        {
          "decimal": "10102",
          "mode": "DIGITAL",
          "description": "Fire 5",
          "tag": "Fire-Tac",
          "group": "Providence (City)"
        },
        {
          "decimal": "10103",
          "mode": "DIGITAL",
          "description": "Fire 6",
          "tag": "Fire-Tac",
          "group": "Providence (City)"
        },
        {
          "decimal": "10104",
          "mode": "DIGITAL",
          "description": "Fire 7",
          "tag": "Fire-Tac",
          "group": "Providence (City)"
        },
        {
          "decimal": "10105",
          "mode": "DIGITAL",
          "description": "Fire - Administration",
          "tag": "Fire-Talk",
          "group": "Providence (City)"
        },
        {
          "decimal": "10106",
          "mode": "DIGITAL",
          "description": "Fire - Communications",
          "tag": "Fire-Talk",
          "group": "Providence (City)"
        },
        {
          "decimal": "10107",
          "mode": "DIGITAL",
          "description": "Fireground 2",
          "tag": "Fire-Tac",
          "group": "Providence (City)"
        },
        {
          "decimal": "10108",
          "mode": "DIGITAL",
          "description": "Fireground 3",
          "tag": "Fire-Tac",
          "group": "Providence (City)"
        },
        {
          "decimal": "10109",
          "mode": "DIGITAL",
          "description": "Fireground 4",
          "tag": "Fire-Tac",
          "group": "Providence (City)"
        },
        {
          "decimal": "10110",
          "mode": "DIGITAL",
          "description": "Fire - Mutual Aid 1",
          "tag": "Fire-Tac",
          "group": "Providence (City)"
        },
        {
          "decimal": "10111",
          "mode": "DIGITAL",
          "description": "Fire - Mutual Aid 2",
          "tag": "Fire-Tac",
          "group": "Providence (City)"
        },
        {
          "decimal": "10112",
          "mode": "DIGITAL",
          "description": "Fire - Mutual Aid 3",
          "tag": "Fire-Tac",
          "group": "Providence (City)"
        },
        {
          "decimal": "10207",
          "mode": "DIGITAL",
          "description": "Public Works",
          "tag": "Public Works",
          "group": "Providence (City)"
        }
      ],
      "Statewide Misc.": [
        {
          "decimal": "12",
          "mode": "ENCRYPTED",
          "description": "Metro Wide 2",
          "tag": "Interop",
          "group": "Statewide Misc."
        },
        {
          "decimal": "14",
          "mode": "ENCRYPTED",
          "description": "Metro Wide 4",
          "tag": "Interop",
          "group": "Statewide Misc."
        },
        {
          "decimal": "70",
          "mode": "ENCRYPTED",
          "description": "RI Traffic Tribunal Security",
          "tag": "Other",
          "group": "Statewide Misc."
        },
        {
          "decimal": "168",
          "mode": "DIGITAL",
          "description": "Rhode Island Red Cross - Primary",
          "tag": "Other",
          "group": "Statewide Misc."
        },
        {
          "decimal": "169",
          "mode": "DIGITAL",
          "description": "Rhode Island Red Cross - Secondary",
          "tag": "Other",
          "group": "Statewide Misc."
        },
        {
          "decimal": "223",
          "mode": "DIGITAL",
          "description": "Statewide Nursing Homes Net",
          "tag": "Other",
          "group": "Statewide Misc."
        }
      ]
    },
    "url": "https://www.radioreference.com/apps/db/?sid=4275&opt=all_tg",
    "uniqueIdentifier": "s-4275&opt=all_tg"
  }
]