[
  {
    "systemName": "Burlington Communications Service Center (Monkton)",
    "location": "Monkton, VT",
    "county": "Addison",
    "systemType": "LTR Standard",
    "systemVoice": "Analog",
    "lastUpdated": "October 14, 2011, 8:33 pm (Updated Talkgroups (2 Updated))",
    "systemID": "3367",
    "state": "Vermont",
    "sites": [
      {
        "frequencies": [
          {
            "control": false,
            "frequency": 452.325
          },
          {
            "control": false,
            "frequency": 452.875
          },
          {
            "control": false,
            "frequency": 463.575
          }
        ],
        "siteCounty": {},
        "site": {
          "systemName": "Burlington Communications Service Center (Monkton)",
          "systemLocation": "Monkton, Vermont",
          "siteNumber": "Decimal: 001 / Hex: 1",
          "siteUniqueDBID": "5436",
          "siteDescription": "Confirmed LCN",
          "siteCountyLocation": "Addison",
          "siteNeighbors": "N/A",
          "siteLocation": "Boro Hill Road",
          "siteModulation": "N/A",
          "siteNotes": "None",
          "latitude": "N 44.027055 (System)",
          "longitude": "W -73.165054 (System)",
          "range": {
            "distance": 22,
            "units": "miles(system)"
          }
        },
        "siteLink": "/apps/db/?siteId=5436",
        "siteName": "Confirmed LCN",
        "siteID": 5436
      }
    ],
    "talkgroups": {
      "All": [
        {
          "decimal": "0-04-200",
          "mode": "ANALOG",
          "description": "Taxi Dispatch",
          "tag": "Transportation",
          "group": "All"
        },
        {
          "decimal": "0-04-201",
          "mode": "ANALOG",
          "description": "Taxis",
          "tag": "Transportation",
          "group": "All"
        }
      ]
    },
    "url": "https://www.radioreference.com/apps/db/?sid=3367&opt=all_tg",
    "uniqueIdentifier": "s-3367&opt=all_tg"
  },
  {
    "systemName": "Burlington Communications Service Center (Stowe)",
    "location": "Stowe, VT",
    "county": "Lamoille",
    "systemType": "LTR Standard",
    "systemVoice": "Analog",
    "lastUpdated": "June 14, 2014, 8:07 pm (Deleted 1 talkgroup(s))",
    "systemID": "2176",
    "state": "Vermont",
    "sites": [
      {
        "frequencies": [
          {
            "control": false,
            "frequency": 463.2
          },
          {
            "control": false,
            "frequency": 461.225
          },
          {
            "control": false,
            "frequency": 461.025
          },
          {
            "control": false,
            "frequency": 464.7
          }
        ],
        "siteCounty": {},
        "site": {
          "systemName": "Burlington Communications Service Center (Stowe)",
          "systemLocation": "Stowe, Vermont",
          "siteNumber": "Decimal: 001 / Hex: 1",
          "siteUniqueDBID": "3063",
          "siteDescription": "Confirmed LCN",
          "siteCountyLocation": "Lamoille",
          "siteNeighbors": "N/A",
          "siteLocation": "N/A",
          "siteModulation": "N/A",
          "siteNotes": "None",
          "latitude": "N 44.583385 (System)",
          "longitude": "W -72.6328948 (System)",
          "range": {
            "distance": 15,
            "units": "miles(system)"
          }
        },
        "siteLink": "/apps/db/?siteId=3063",
        "siteName": "Confirmed LCN",
        "siteID": 3063
      },
      {
        "frequencies": [
          {
            "control": false,
            "frequency": 462
          },
          {
            "control": false,
            "frequency": 464.175
          }
        ],
        "siteCounty": {}
      }
    ],
    "talkgroups": {
      "All": [
        {
          "decimal": "0-01-018",
          "mode": "ANALOG",
          "description": "P&P Septic Service",
          "tag": "Business",
          "group": "All"
        },
        {
          "decimal": "0-01-045",
          "mode": "ANALOG",
          "description": "AMR Base",
          "tag": "Business",
          "group": "All"
        },
        {
          "decimal": "0-01-105",
          "mode": "ANALOG",
          "description": "Wrecker Service",
          "tag": "Business",
          "group": "All"
        },
        {
          "decimal": "0-01-112",
          "mode": "ANALOG",
          "description": "Recycling?",
          "tag": "Business",
          "group": "All"
        },
        {
          "decimal": "0-01-120",
          "mode": "ANALOG",
          "description": "WSI Recycling",
          "tag": "Business",
          "group": "All"
        },
        {
          "decimal": "0-01-126",
          "mode": "ANALOG",
          "description": "Wrecker Service",
          "tag": "Business",
          "group": "All"
        },
        {
          "decimal": "0-12-020",
          "mode": "ANALOG",
          "description": "Agway",
          "tag": "Business",
          "group": "All"
        },
        {
          "decimal": "0-12-021",
          "mode": "ANALOG",
          "description": "Agway",
          "tag": "Business",
          "group": "All"
        }
      ]
    },
    "url": "https://www.radioreference.com/apps/db/?sid=2176&opt=all_tg",
    "uniqueIdentifier": "s-2176&opt=all_tg"
  },
  {
    "systemName": "Burlington Communications Service Center (St. Albans)",
    "location": "St. Albans, VT",
    "county": "Franklin",
    "systemType": "LTR Standard",
    "systemVoice": "Analog",
    "lastUpdated": "July 24, 2005, 7:12 am (Updated General System Info)",
    "systemID": "4130",
    "state": "Vermont",
    "sites": [
      {
        "frequencies": [
          {
            "control": false,
            "frequency": 451.6625
          },
          {
            "control": false,
            "frequency": 452.4375
          }
        ],
        "siteCounty": {},
        "site": {
          "systemName": "Burlington Communications Service Center (St. Albans)",
          "systemLocation": "St. Albans, Vermont",
          "siteNumber": "Decimal: 001 / Hex: 1",
          "siteUniqueDBID": "7841",
          "siteDescription": "Confirmed LCN",
          "siteCountyLocation": "Franklin",
          "siteNeighbors": "N/A",
          "siteLocation": "N/A",
          "siteModulation": "N/A",
          "siteNotes": "None",
          "latitude": "N 44.852 (System)",
          "longitude": "W -72.904 (System)",
          "range": {
            "distance": 19,
            "units": "miles(system)"
          }
        },
        "siteLink": "/apps/db/?siteId=7841",
        "siteName": "Confirmed LCN",
        "siteID": 7841
      }
    ],
    "url": "https://www.radioreference.com/apps/db/?sid=4130&opt=all_tg",
    "uniqueIdentifier": "s-4130&opt=all_tg"
  },
  {
    "systemName": "Burlington Communications Service Center (Monkton)",
    "location": "Monkton, VT",
    "county": "Addison",
    "systemType": "LTR Standard",
    "systemVoice": "Analog",
    "lastUpdated": "October 14, 2011, 8:33 pm (Updated Talkgroups (2 Updated))",
    "systemID": "3367",
    "state": "Vermont",
    "sites": [
      {
        "frequencies": [
          {
            "control": false,
            "frequency": 452.325
          },
          {
            "control": false,
            "frequency": 452.875
          },
          {
            "control": false,
            "frequency": 463.575
          }
        ],
        "siteCounty": {},
        "site": {
          "systemName": "Burlington Communications Service Center (Monkton)",
          "systemLocation": "Monkton, Vermont",
          "siteNumber": "Decimal: 001 / Hex: 1",
          "siteUniqueDBID": "5436",
          "siteDescription": "Confirmed LCN",
          "siteCountyLocation": "Addison",
          "siteNeighbors": "N/A",
          "siteLocation": "Boro Hill Road",
          "siteModulation": "N/A",
          "siteNotes": "None",
          "latitude": "N 44.027055 (System)",
          "longitude": "W -73.165054 (System)",
          "range": {
            "distance": 22,
            "units": "miles(system)"
          }
        },
        "siteLink": "/apps/db/?siteId=5436",
        "siteName": "Confirmed LCN",
        "siteID": 5436
      }
    ],
    "talkgroups": {
      "All": [
        {
          "decimal": "0-04-200",
          "mode": "ANALOG",
          "description": "Taxi Dispatch",
          "tag": "Transportation",
          "group": "All"
        },
        {
          "decimal": "0-04-201",
          "mode": "ANALOG",
          "description": "Taxis",
          "tag": "Transportation",
          "group": "All"
        }
      ]
    },
    "url": "https://www.radioreference.com/apps/db/?sid=3367&opt=all_tg",
    "uniqueIdentifier": "s-3367&opt=all_tg"
  },
  {
    "systemName": "Central Vermont Public Service (UHF)",
    "location": "Various, VT",
    "county": "6 counties",
    "systemType": "LTR Standard",
    "systemVoice": "Analog",
    "lastUpdated": "March 10, 2007, 8:24 am (Added Site-8)",
    "systemID": "1095",
    "state": "Vermont",
    "sites": [
      {
        "frequencies": [
          {
            "control": false,
            "frequency": 451.0875
          },
          {
            "control": false,
            "frequency": 451.1625
          },
          {
            "control": false,
            "frequency": 451.2125
          },
          {
            "control": false,
            "frequency": 451.2625
          }
        ],
        "siteCounty": {},
        "site": {
          "systemName": "Central Vermont Public Service (UHF)",
          "systemLocation": "Various, Vermont",
          "siteNumber": "Decimal: 001 / Hex: 1",
          "siteUniqueDBID": "1450",
          "siteDescription": "Stowe",
          "siteCountyLocation": "None Specified",
          "siteNeighbors": "N/A",
          "siteLocation": "N/A",
          "siteModulation": "N/A",
          "siteNotes": "None"
        },
        "siteLink": "/apps/db/?siteId=1450",
        "siteName": "Stowe",
        "siteID": 1450
      },
      {
        "frequencies": [
          {
            "control": false,
            "frequency": 451.0375
          },
          {
            "control": false,
            "frequency": 451.2625
          },
          {
            "control": false,
            "frequency": 451.9875
          }
        ],
        "siteCounty": {},
        "site": {
          "systemName": "Central Vermont Public Service (UHF)",
          "systemLocation": "Various, Vermont",
          "siteNumber": "Decimal: 002 / Hex: 2",
          "siteUniqueDBID": "1451",
          "siteDescription": "Monkton",
          "siteCountyLocation": "None Specified",
          "siteNeighbors": "N/A",
          "siteLocation": "N/A",
          "siteModulation": "N/A",
          "siteNotes": "None"
        },
        "siteLink": "/apps/db/?siteId=1451",
        "siteName": "Monkton",
        "siteID": 1451
      },
      {
        "frequencies": [
          {
            "control": false,
            "frequency": 451.6125
          },
          {
            "control": false,
            "frequency": 452.2625
          }
        ],
        "siteCounty": {},
        "site": {
          "systemName": "Central Vermont Public Service (UHF)",
          "systemLocation": "Various, Vermont",
          "siteNumber": "Decimal: 003 / Hex: 3",
          "siteUniqueDBID": "1452",
          "siteDescription": "West Rutland",
          "siteCountyLocation": "None Specified",
          "siteNeighbors": "N/A",
          "siteLocation": "N/A",
          "siteModulation": "N/A",
          "siteNotes": "None"
        },
        "siteLink": "/apps/db/?siteId=1452",
        "siteName": "West Rutland",
        "siteID": 1452
      },
      {
        "frequencies": [
          {
            "control": false,
            "frequency": 452.2625
          },
          {
            "control": false,
            "frequency": 452.8375
          }
        ],
        "siteCounty": {},
        "site": {
          "systemName": "Central Vermont Public Service (UHF)",
          "systemLocation": "Various, Vermont",
          "siteNumber": "Decimal: 004 / Hex: 4",
          "siteUniqueDBID": "1453",
          "siteDescription": "Windsor",
          "siteCountyLocation": "None Specified",
          "siteNeighbors": "N/A",
          "siteLocation": "N/A",
          "siteModulation": "N/A",
          "siteNotes": "None"
        },
        "siteLink": "/apps/db/?siteId=1453",
        "siteName": "Windsor",
        "siteID": 1453
      },
      {
        "frequencies": [
          {
            "control": false,
            "frequency": 451.2625
          },
          {
            "control": false,
            "frequency": 452.4125
          }
        ],
        "siteCounty": {},
        "site": {
          "systemName": "Central Vermont Public Service (UHF)",
          "systemLocation": "Various, Vermont",
          "siteNumber": "Decimal: 005 / Hex: 5",
          "siteUniqueDBID": "1454",
          "siteDescription": "Manchester",
          "siteCountyLocation": "None Specified",
          "siteNeighbors": "N/A",
          "siteLocation": "N/A",
          "siteModulation": "N/A",
          "siteNotes": "None"
        },
        "siteLink": "/apps/db/?siteId=1454",
        "siteName": "Manchester",
        "siteID": 1454
      },
      {
        "frequencies": [
          {
            "control": false,
            "frequency": 452.7625
          },
          {
            "control": false,
            "frequency": 452.8875
          }
        ],
        "siteCounty": {},
        "site": {
          "systemName": "Central Vermont Public Service (UHF)",
          "systemLocation": "Various, Vermont",
          "siteNumber": "Decimal: 006 / Hex: 6",
          "siteUniqueDBID": "1455",
          "siteDescription": "Sherburne",
          "siteCountyLocation": "None Specified",
          "siteNeighbors": "N/A",
          "siteLocation": "N/A",
          "siteModulation": "N/A",
          "siteNotes": "None"
        },
        "siteLink": "/apps/db/?siteId=1455",
        "siteName": "Sherburne",
        "siteID": 1455
      },
      {
        "frequencies": [
          {
            "control": false,
            "frequency": 451.0375
          },
          {
            "control": false,
            "frequency": 451.6125
          }
        ],
        "siteCounty": {},
        "site": {
          "systemName": "Central Vermont Public Service (UHF)",
          "systemLocation": "Various, Vermont",
          "siteNumber": "Decimal: 007 / Hex: 7",
          "siteUniqueDBID": "1456",
          "siteDescription": "Putney",
          "siteCountyLocation": "None Specified",
          "siteNeighbors": "N/A",
          "siteLocation": "N/A",
          "siteModulation": "N/A",
          "siteNotes": "None"
        },
        "siteLink": "/apps/db/?siteId=1456",
        "siteName": "Putney",
        "siteID": 1456
      },
      {
        "frequencies": [
          {
            "control": false,
            "frequency": 461.9375
          },
          {
            "control": false,
            "frequency": 462.0125
          }
        ],
        "siteCounty": {
          "link": "/apps/db/?ctid=2807",
          "name": "Bennington"
        },
        "site": {
          "systemName": "Central Vermont Public Service (UHF)",
          "systemLocation": "Various, Vermont",
          "siteNumber": "Decimal: 008 / Hex: 8",
          "siteUniqueDBID": "11176",
          "siteDescription": "Manchester",
          "siteCountyLocation": "Bennington",
          "siteNeighbors": "N/A",
          "siteLocation": "Mount Equinox",
          "siteModulation": "Analog",
          "siteNotes": "None",
          "latitude": "N 43.0334112 (County)",
          "longitude": "W -73.0995498 (County)",
          "range": {
            "distance": 24,
            "units": "miles(county)"
          }
        },
        "siteLink": "/apps/db/?siteId=11176",
        "siteName": "Manchester",
        "siteID": 11176
      }
    ],
    "url": "https://www.radioreference.com/apps/db/?sid=1095&opt=all_tg",
    "uniqueIdentifier": "s-1095&opt=all_tg"
  },
  {
    "systemName": "Burlington Communications Service Center (Jay)",
    "location": "Jay, VT",
    "county": "Orleans",
    "systemType": "LTR Standard",
    "systemVoice": "Analog",
    "lastUpdated": "July 24, 2005, 7:05 am (Changed Site-001)",
    "systemID": "3670",
    "state": "Vermont",
    "sites": [
      {
        "frequencies": [
          {
            "control": false,
            "frequency": 451.7375
          },
          {
            "control": false,
            "frequency": 451.9875
          }
        ],
        "siteCounty": {},
        "site": {
          "systemName": "Burlington Communications Service Center (Jay)",
          "systemLocation": "Jay, Vermont",
          "siteNumber": "Decimal: 001 / Hex: 1",
          "siteUniqueDBID": "6515",
          "siteDescription": "Confirmed LCN",
          "siteCountyLocation": "Orleans",
          "siteNeighbors": "N/A",
          "siteLocation": "N/A",
          "siteModulation": "N/A",
          "siteNotes": "None",
          "latitude": "N 44.8167149 (System)",
          "longitude": "W -72.2328808 (System)",
          "range": {
            "distance": 22,
            "units": "miles(system)"
          }
        },
        "siteLink": "/apps/db/?siteId=6515",
        "siteName": "Confirmed LCN",
        "siteID": 6515
      },
      {
        "frequencies": [
          {
            "control": false,
            "frequency": 452.4875
          }
        ],
        "siteCounty": {}
      }
    ],
    "url": "https://www.radioreference.com/apps/db/?sid=3670&opt=all_tg",
    "uniqueIdentifier": "s-3670&opt=all_tg"
  },
  {
    "systemName": "Burlington Communications Service Center (Berlin)",
    "location": "Berlin, VT",
    "county": "Washington",
    "systemType": "LTR Standard",
    "systemVoice": "Analog",
    "lastUpdated": "October 14, 2011, 6:44 pm (Updated Talkgroups (1 Updated))",
    "systemID": "3437",
    "state": "Vermont",
    "sites": [
      {
        "frequencies": [
          {
            "control": false,
            "frequency": 452.6875
          },
          {
            "control": false,
            "frequency": 452.0625
          }
        ],
        "siteCounty": {},
        "site": {
          "systemName": "Burlington Communications Service Center (Berlin)",
          "systemLocation": "Berlin, Vermont",
          "siteNumber": "Decimal: 001 / Hex: 1",
          "siteUniqueDBID": "5586",
          "siteDescription": "Confirmed LCN",
          "siteCountyLocation": "Washington",
          "siteNeighbors": "N/A",
          "siteLocation": "Irih Hill",
          "siteModulation": "N/A",
          "siteNotes": "None",
          "latitude": "N 44.005986 (System)",
          "longitude": "W -72.370148 (System)",
          "range": {
            "distance": 22,
            "units": "miles(system)"
          }
        },
        "siteLink": "/apps/db/?siteId=5586",
        "siteName": "Confirmed LCN",
        "siteID": 5586
      },
      {
        "frequencies": [
          {
            "control": false,
            "frequency": 451.4625
          },
          {
            "control": false,
            "frequency": 452.3375
          },
          {
            "control": false,
            "frequency": 452.975
          }
        ],
        "siteCounty": {},
        "site": {
          "systemName": "Burlington Communications Service Center (Berlin)",
          "systemLocation": "Berlin, Vermont",
          "siteNumber": "Decimal: 002 / Hex: 2",
          "siteUniqueDBID": "5587",
          "siteDescription": "Unconfirmed LCN",
          "siteCountyLocation": "Washington",
          "siteNeighbors": "N/A",
          "siteLocation": "N/A",
          "siteModulation": "N/A",
          "siteNotes": "None",
          "latitude": "N 44.005986 (System)",
          "longitude": "W -72.370148 (System)",
          "range": {
            "distance": 22,
            "units": "miles(system)"
          }
        },
        "siteLink": "/apps/db/?siteId=5587",
        "siteName": "Unconfirmed LCN",
        "siteID": 5587
      }
    ],
    "talkgroups": {
      "All": [
        {
          "decimal": "0-01-005",
          "mode": "ANALOG",
          "description": "Northfield Fuels",
          "tag": "Business",
          "group": "All"
        },
        {
          "decimal": "0-01-025",
          "mode": "ANALOG",
          "description": "AMR Base",
          "tag": "Business",
          "group": "All"
        },
        {
          "decimal": "0-01-102",
          "mode": "ANALOG",
          "description": "Johnson and Dix",
          "tag": "Business",
          "group": "All"
        },
        {
          "decimal": "0-01-107",
          "mode": "ANALOG",
          "description": "Rental company",
          "tag": "Business",
          "group": "All"
        },
        {
          "decimal": "0-01-108",
          "mode": "ANALOG",
          "description": "GMTA Buses",
          "tag": "Business",
          "group": "All"
        },
        {
          "decimal": "0-01-121",
          "mode": "ANALOG",
          "description": "Trucking",
          "tag": "Business",
          "group": "All"
        }
      ]
    },
    "url": "https://www.radioreference.com/apps/db/?sid=3437&opt=all_tg",
    "uniqueIdentifier": "s-3437&opt=all_tg"
  }
]