[
  {
    "systemName": "Collins Communications",
    "location": "Gillette, WY",
    "county": "Campbell",
    "systemType": "LTR Standard",
    "systemVoice": "Analog",
    "lastUpdated": "July 20, 2014, 7:10 am (Added Talkgroup 1 Test)",
    "systemID": "1680",
    "state": "Wyoming",
    "sites": [
      {
        "frequencies": [
          {
            "control": false,
            "frequency": 451.275
          },
          {
            "control": false,
            "frequency": 451.8875
          },
          {
            "control": false,
            "frequency": 452.4
          },
          {
            "control": false,
            "frequency": 452.7
          },
          {
            "control": false,
            "frequency": 461.4125
          }
        ],
        "siteCounty": {},
        "site": {
          "systemName": "Collins Communications",
          "systemLocation": "Gillette, Wyoming",
          "siteNumber": "Decimal: 001 / Hex: 1",
          "siteUniqueDBID": "2369",
          "siteDescription": "Gillette",
          "siteCountyLocation": "Campbell",
          "siteNeighbors": "N/A",
          "siteLocation": "14 miles east of Gillette, 5 miles north of I-90",
          "siteModulation": "N/A",
          "siteNotes": "None",
          "latitude": "N 44.34053",
          "longitude": "W -105.2475",
          "range": {
            "distance": 20,
            "units": "miles"
          }
        },
        "siteLink": "/apps/db/?siteId=2369",
        "siteName": "Gillette",
        "siteID": 2369
      }
    ],
    "talkgroups": {
      "All": [
        {
          "decimal": "0-00-001",
          "mode": "ANALOG",
          "description": "Test",
          "tag": "Business",
          "group": "All"
        }
      ]
    },
    "url": "https://www.radioreference.com/apps/db/?sid=1680&opt=all_tg",
    "uniqueIdentifier": "s-1680&opt=all_tg"
  },
  {
    "systemName": "EchoStar Broadcasting",
    "location": "Cheyenne, WY",
    "county": "Laramie",
    "systemType": "DMR Motorola Capacity Plus Single Site (TRBO)",
    "systemVoice": "DMR",
    "lastUpdated": "May 25, 2019, 10:04 am (Changed Talkgroup Category: Security to Security(Security))",
    "systemID": "10613",
    "state": "Wyoming",
    "sites": [
      {
        "frequencies": [
          {
            "control": false,
            "frequency": 461.275
          },
          {
            "control": false,
            "frequency": 461.5625
          }
        ],
        "siteCounty": {},
        "site": {
          "systemName": "EchoStar Broadcasting",
          "systemLocation": "Cheyenne, Wyoming",
          "siteNumber": "Decimal: 001 / Hex: 1",
          "siteUniqueDBID": "34573",
          "siteDescription": "Site 1",
          "siteCountyLocation": "Laramie",
          "siteNeighbors": "N/A",
          "siteLocation": "530 Echostar Drive",
          "siteModulation": "DMR",
          "siteNotes": "None",
          "latitude": "N 41.13250",
          "longitude": "W -104.73639",
          "range": {
            "distance": 1,
            "units": "miles"
          }
        },
        "siteLink": "/apps/db/?siteId=34573",
        "siteName": "Site 1",
        "siteID": 34573
      }
    ],
    "talkgroups": {
      "Security": [
        {
          "decimal": "404",
          "mode": "TDMA",
          "description": "Security",
          "tag": "Security",
          "group": "Security"
        }
      ]
    },
    "url": "https://www.radioreference.com/apps/db/?sid=10613&opt=all_tg",
    "uniqueIdentifier": "s-10613&opt=all_tg"
  },
  {
    "systemName": "Antelope Coal Mine",
    "location": "Bill, WY",
    "county": "2 counties",
    "systemType": "DMR Motorola Capacity Plus Multi Site (TRBO)",
    "systemVoice": "DMR",
    "lastUpdated": "February 15, 2019, 10:12 am (Added Talkgroup 152 Mine Operations (152)(Operations))",
    "systemID": "10447",
    "state": "Wyoming",
    "sites": [
      {
        "frequencies": [
          {
            "control": false,
            "frequency": 451.725
          },
          {
            "control": false,
            "frequency": 451.9
          },
          {
            "control": false,
            "frequency": 452.3
          },
          {
            "control": false,
            "frequency": 452.7
          },
          {
            "control": false,
            "frequency": 452.85
          },
          {
            "control": false,
            "frequency": 452.975
          }
        ],
        "siteCounty": {
          "link": "/apps/db/?ctid=3128",
          "name": "Converse"
        },
        "site": {
          "systemName": "Antelope Coal Mine",
          "systemLocation": "Bill, Wyoming",
          "siteNumber": "Decimal: 001 / Hex: 1",
          "siteUniqueDBID": "33850",
          "siteDescription": "Site 1 Main",
          "siteCountyLocation": "Converse",
          "siteNeighbors": "N/A",
          "siteLocation": "N/A",
          "siteModulation": "N/A",
          "siteNotes": "None",
          "latitude": "N 43.48178",
          "longitude": "W -105.36",
          "range": {
            "distance": 10,
            "units": "miles"
          }
        },
        "siteLink": "/apps/db/?siteId=33850",
        "siteName": "Site 1 Main",
        "siteID": 33850
      },
      {
        "frequencies": [
          {
            "control": false,
            "frequency": 461.025
          },
          {
            "control": false,
            "frequency": 461.3
          },
          {
            "control": false,
            "frequency": 461.4
          },
          {
            "control": false,
            "frequency": 461.6875
          },
          {
            "control": false,
            "frequency": 461.8875
          },
          {
            "control": false,
            "frequency": 462.05
          }
        ],
        "siteCounty": {
          "link": "/apps/db/?ctid=3126",
          "name": "Campbell"
        },
        "site": {
          "systemName": "Antelope Coal Mine",
          "systemLocation": "Bill, Wyoming",
          "siteNumber": "Decimal: 002 / Hex: 2",
          "siteUniqueDBID": "33851",
          "siteDescription": "Site 2 Nema",
          "siteCountyLocation": "Campbell",
          "siteNeighbors": "N/A",
          "siteLocation": "N/A",
          "siteModulation": "N/A",
          "siteNotes": "None",
          "latitude": "N 43.52736",
          "longitude": "W -105.37800",
          "range": {
            "distance": 10,
            "units": "miles"
          }
        },
        "siteLink": "/apps/db/?siteId=33851",
        "siteName": "Site 2 Nema",
        "siteID": 33851
      },
      {
        "frequencies": [
          {
            "control": false,
            "frequency": 462.5
          },
          {
            "control": false,
            "frequency": 463.2375
          },
          {
            "control": false,
            "frequency": 462.35
          },
          {
            "control": false,
            "frequency": 463.4625
          },
          {
            "control": false,
            "frequency": 463.9
          }
        ],
        "siteCounty": {
          "link": "/apps/db/?ctid=3126",
          "name": "Campbell"
        },
        "site": {
          "systemName": "Antelope Coal Mine",
          "systemLocation": "Bill, Wyoming",
          "siteNumber": "Decimal: 003 / Hex: 3",
          "siteUniqueDBID": "33852",
          "siteDescription": "Site 3 West Pit Tower",
          "siteCountyLocation": "Campbell",
          "siteNeighbors": "N/A",
          "siteLocation": "N/A",
          "siteModulation": "N/A",
          "siteNotes": "None",
          "latitude": "N 43.49883",
          "longitude": "W -105.38200",
          "range": {
            "distance": 10,
            "units": "miles"
          }
        },
        "siteLink": "/apps/db/?siteId=33852",
        "siteName": "Site 3 West Pit Tower",
        "siteID": 33852
      },
      {
        "frequencies": [
          {
            "control": false,
            "frequency": 451.45
          },
          {
            "control": false,
            "frequency": 451.8625
          },
          {
            "control": false,
            "frequency": 452.025
          },
          {
            "control": false,
            "frequency": 452.25
          },
          {
            "control": false,
            "frequency": 452.45
          },
          {
            "control": false,
            "frequency": 452.65
          }
        ],
        "siteCounty": {
          "link": "/apps/db/?ctid=3128",
          "name": "Converse"
        },
        "site": {
          "systemName": "Antelope Coal Mine",
          "systemLocation": "Bill, Wyoming",
          "siteNumber": "Decimal: 004 / Hex: 4",
          "siteUniqueDBID": "33853",
          "siteDescription": "Site 4 SMA Tower",
          "siteCountyLocation": "Converse",
          "siteNeighbors": "N/A",
          "siteLocation": "N/A",
          "siteModulation": "N/A",
          "siteNotes": "None",
          "latitude": "N 43.45506",
          "longitude": "W -105.38900",
          "range": {
            "distance": 10,
            "units": "miles"
          }
        },
        "siteLink": "/apps/db/?siteId=33853",
        "siteName": "Site 4 SMA Tower",
        "siteID": 33853
      }
    ],
    "talkgroups": {
      "Operations": [
        {
          "decimal": "101",
          "mode": "TDMA",
          "description": "Mine Operations - Coal",
          "tag": "Business",
          "group": "Operations"
        },
        {
          "decimal": "102",
          "mode": "TDMA",
          "description": "Haul Trucks (102)",
          "tag": "Business",
          "group": "Operations"
        },
        {
          "decimal": "103",
          "mode": "TDMA",
          "description": "Haul Truck Maintanence",
          "tag": "Business",
          "group": "Operations"
        },
        {
          "decimal": "106",
          "mode": "TDMA",
          "description": "Haul Trucks (106)",
          "tag": "Business",
          "group": "Operations"
        },
        {
          "decimal": "108",
          "mode": "TDMA",
          "description": "Drill Operations",
          "tag": "Business",
          "group": "Operations"
        },
        {
          "decimal": "109",
          "mode": "TDMA",
          "description": "Blade Operations",
          "tag": "Business",
          "group": "Operations"
        },
        {
          "decimal": "110",
          "mode": "TDMA",
          "description": "Electrical",
          "tag": "Business",
          "group": "Operations"
        },
        {
          "decimal": "111",
          "mode": "TDMA",
          "description": "Safety",
          "tag": "Business",
          "group": "Operations"
        },
        {
          "decimal": "113",
          "mode": "TDMA",
          "description": "Mine Operations (113)",
          "tag": "Business",
          "group": "Operations"
        },
        {
          "decimal": "114",
          "mode": "TDMA",
          "description": "Mine Operations (114)",
          "tag": "Business",
          "group": "Operations"
        },
        {
          "decimal": "115",
          "mode": "TDMA",
          "description": "Mine Operations (115)",
          "tag": "Business",
          "group": "Operations"
        },
        {
          "decimal": "122",
          "mode": "TDMA",
          "description": "Mine Operations (122)",
          "tag": "Business",
          "group": "Operations"
        },
        {
          "decimal": "123",
          "mode": "TDMA",
          "description": "Mine Operations (123)",
          "tag": "Business",
          "group": "Operations"
        },
        {
          "decimal": "124",
          "mode": "TDMA",
          "description": "Mine Operations (124)",
          "tag": "Business",
          "group": "Operations"
        },
        {
          "decimal": "152",
          "mode": "TDMA",
          "description": "Mine Operations (152)",
          "tag": "Business",
          "group": "Operations"
        }
      ]
    },
    "url": "https://www.radioreference.com/apps/db/?sid=10447&opt=all_tg",
    "uniqueIdentifier": "s-10447&opt=all_tg"
  },
  {
    "systemName": "Westmoreland Coal Company",
    "location": "Kemmerer, WY",
    "county": "Lincoln",
    "systemType": "DMR Motorola Capacity Plus Single Site (TRBO)",
    "systemVoice": "DMR",
    "lastUpdated": "July 20, 2018, 10:43 pm (Changed Site # 001 (Kemmerer) to 001 (Kemmerer))",
    "systemID": "10113",
    "state": "Wyoming",
    "sites": [
      {
        "frequencies": [
          {
            "control": false,
            "frequency": 153.305
          },
          {
            "control": false,
            "frequency": 153.1025
          },
          {
            "control": false,
            "frequency": 153.6275
          }
        ],
        "siteCounty": {},
        "site": {
          "systemName": "Westmoreland Coal Company",
          "systemLocation": "Kemmerer, Wyoming",
          "siteNumber": "Decimal: 001 / Hex: 1",
          "siteUniqueDBID": "32686",
          "siteDescription": "Kemmerer",
          "siteCountyLocation": "Lincoln",
          "siteNeighbors": "N/A",
          "siteLocation": "N/A",
          "siteModulation": "N/A",
          "siteNotes": "None",
          "latitude": "N 41.76758",
          "longitude": "W -110.63222",
          "range": {
            "distance": 30,
            "units": "miles"
          }
        },
        "siteLink": "/apps/db/?siteId=32686",
        "siteName": "Kemmerer",
        "siteID": 32686
      }
    ],
    "talkgroups": {
      "All": [
        {
          "decimal": "2",
          "mode": "TDMA",
          "description": "Coal 2",
          "tag": "Business",
          "group": "All"
        },
        {
          "decimal": "3",
          "mode": "TDMA",
          "description": "Coal 3",
          "tag": "Business",
          "group": "All"
        },
        {
          "decimal": "7477",
          "mode": "TDMA",
          "description": "Coal 7477",
          "tag": "Business",
          "group": "All"
        }
      ]
    },
    "url": "https://www.radioreference.com/apps/db/?sid=10113&opt=all_tg",
    "uniqueIdentifier": "s-10113&opt=all_tg"
  },
  {
    "systemName": "Rocky Mountain Oilfield Warehouse",
    "location": "Casper, WY",
    "county": "4 counties",
    "systemType": "LTR Standard",
    "systemVoice": "Analog",
    "lastUpdated": "July 20, 2014, 6:56 am (Added Talkgroup 1 Test)",
    "systemID": "5782",
    "state": "Wyoming",
    "sites": [
      {
        "frequencies": [
          {
            "control": false,
            "frequency": 151.7375
          },
          {
            "control": false,
            "frequency": 151.7975
          },
          {
            "control": false,
            "frequency": 151.8575
          },
          {
            "control": false,
            "frequency": 151.925
          },
          {
            "control": false,
            "frequency": 151.9775
          },
          {
            "control": false,
            "frequency": 151.55
          }
        ],
        "siteCounty": {
          "link": "/apps/db/?ctid=3133",
          "name": "Johnson"
        },
        "site": {
          "systemName": "Rocky Mountain Oilfield Warehouse",
          "systemLocation": "Casper, Wyoming",
          "siteNumber": "Decimal: 001 / Hex: 1",
          "siteUniqueDBID": "13207",
          "siteDescription": "Buffalo (East)",
          "siteCountyLocation": "Johnson",
          "siteNeighbors": "N/A",
          "siteLocation": "19 km E of Buffalo, WY",
          "siteModulation": "Analog",
          "siteNotes": "Covers eastern Johnson County.",
          "latitude": "N 44.33500",
          "longitude": "W -106.29083",
          "range": {
            "distance": 35,
            "units": "miles"
          }
        },
        "siteLink": "/apps/db/?siteId=13207",
        "siteName": "Buffalo (East)",
        "siteID": 13207
      },
      {
        "frequencies": [
          {
            "control": false,
            "frequency": 152.87
          },
          {
            "control": false,
            "frequency": 152.9675
          },
          {
            "control": false,
            "frequency": 154.4975
          },
          {
            "control": false,
            "frequency": 152.96
          }
        ],
        "siteCounty": {
          "link": "/apps/db/?ctid=3126",
          "name": "Campbell"
        },
        "site": {
          "systemName": "Rocky Mountain Oilfield Warehouse",
          "systemLocation": "Casper, Wyoming",
          "siteNumber": "Decimal: 002 / Hex: 2",
          "siteUniqueDBID": "13208",
          "siteDescription": "Spotted Horse",
          "siteCountyLocation": "Campbell",
          "siteNeighbors": "N/A",
          "siteLocation": "7 km SE of Spotted Horse",
          "siteModulation": "Analog",
          "siteNotes": "None",
          "latitude": "N 44.68194",
          "longitude": "W -105.75111",
          "range": {
            "distance": 35,
            "units": "miles"
          }
        },
        "siteLink": "/apps/db/?siteId=13208",
        "siteName": "Spotted Horse",
        "siteID": 13208
      },
      {
        "frequencies": [
          {
            "control": false,
            "frequency": 151.7375
          },
          {
            "control": false,
            "frequency": 152.9225
          },
          {
            "control": false,
            "frequency": 151.7975
          },
          {
            "control": false,
            "frequency": 151.8575
          },
          {
            "control": false,
            "frequency": 151.925
          },
          {
            "control": false,
            "frequency": 151.9775
          },
          {
            "control": false,
            "frequency": 151.55
          }
        ],
        "siteCounty": {
          "link": "/apps/db/?ctid=3133",
          "name": "Johnson"
        },
        "site": {
          "systemName": "Rocky Mountain Oilfield Warehouse",
          "systemLocation": "Casper, Wyoming",
          "siteNumber": "Decimal: 003 / Hex: 3",
          "siteUniqueDBID": "13833",
          "siteDescription": "Buffalo (West)",
          "siteCountyLocation": "Johnson",
          "siteNeighbors": "N/A",
          "siteLocation": "Pumpkin Butte",
          "siteModulation": "Analog",
          "siteNotes": "None",
          "latitude": "N 44.34089",
          "longitude": "W -106.80667",
          "range": {
            "distance": 35,
            "units": "miles"
          }
        },
        "siteLink": "/apps/db/?siteId=13833",
        "siteName": "Buffalo (West)",
        "siteID": 13833
      },
      {
        "frequencies": [
          {
            "control": false,
            "frequency": 151.5425
          },
          {
            "control": false,
            "frequency": 152.8925
          },
          {
            "control": false,
            "frequency": 151.595
          },
          {
            "control": false,
            "frequency": 151.865
          },
          {
            "control": false,
            "frequency": 152.9525
          },
          {
            "control": false,
            "frequency": 154.505
          },
          {
            "control": false,
            "frequency": 151.5725
          }
        ],
        "siteCounty": {
          "link": "/apps/db/?ctid=3126",
          "name": "Campbell"
        },
        "site": {
          "systemName": "Rocky Mountain Oilfield Warehouse",
          "systemLocation": "Casper, Wyoming",
          "siteNumber": "Decimal: 004 / Hex: 4",
          "siteUniqueDBID": "13834",
          "siteDescription": "Gillette",
          "siteCountyLocation": "Campbell",
          "siteNeighbors": "N/A",
          "siteLocation": "2.8 km W of JCT of US Hwy 14 & 16, 1 km N of I-90.",
          "siteModulation": "Analog",
          "siteNotes": "None",
          "latitude": "N 44.30472",
          "longitude": "W -105.56528",
          "range": {
            "distance": 30,
            "units": "miles"
          }
        },
        "siteLink": "/apps/db/?siteId=13834",
        "siteName": "Gillette",
        "siteID": 13834
      },
      {
        "frequencies": [
          {
            "control": false,
            "frequency": 151.91
          },
          {
            "control": false,
            "frequency": 151.9625
          },
          {
            "control": false,
            "frequency": 151.5725
          },
          {
            "control": false,
            "frequency": 151.6625
          },
          {
            "control": false,
            "frequency": 151.7825
          },
          {
            "control": false,
            "frequency": 151.9025
          }
        ],
        "siteCounty": {
          "link": "/apps/db/?ctid=3136",
          "name": "Natrona"
        },
        "site": {
          "systemName": "Rocky Mountain Oilfield Warehouse",
          "systemLocation": "Casper, Wyoming",
          "siteNumber": "Decimal: 005 / Hex: 5",
          "siteUniqueDBID": "13835",
          "siteDescription": "Edgerton",
          "siteCountyLocation": "Natrona",
          "siteNeighbors": "N/A",
          "siteLocation": "12.3 km E of Edgerton",
          "siteModulation": "Analog",
          "siteNotes": "None",
          "latitude": "N 43.44472",
          "longitude": "W -106.09861",
          "range": {
            "distance": 30,
            "units": "miles"
          }
        },
        "siteLink": "/apps/db/?siteId=13835",
        "siteName": "Edgerton",
        "siteID": 13835
      },
      {
        "frequencies": [
          {
            "control": false,
            "frequency": 151.895
          },
          {
            "control": false,
            "frequency": 151.9175
          },
          {
            "control": false,
            "frequency": 152.315
          }
        ],
        "siteCounty": {
          "link": "/apps/db/?ctid=3136",
          "name": "Natrona"
        },
        "site": {
          "systemName": "Rocky Mountain Oilfield Warehouse",
          "systemLocation": "Casper, Wyoming",
          "siteNumber": "Decimal: 006 / Hex: 6",
          "siteUniqueDBID": "13836",
          "siteDescription": "Casper",
          "siteCountyLocation": "Natrona",
          "siteNeighbors": "N/A",
          "siteLocation": "Casper Mountain",
          "siteModulation": "Analog",
          "siteNotes": "None",
          "latitude": "N 42.72725",
          "longitude": "W -106.33689",
          "range": {
            "distance": 30,
            "units": "miles"
          }
        },
        "siteLink": "/apps/db/?siteId=13836",
        "siteName": "Casper",
        "siteID": 13836
      },
      {
        "frequencies": [
          {
            "control": false,
            "frequency": 151.91
          },
          {
            "control": false,
            "frequency": 152.9975
          },
          {
            "control": false,
            "frequency": 151.9625
          },
          {
            "control": false,
            "frequency": 151.5725
          },
          {
            "control": false,
            "frequency": 151.6625
          },
          {
            "control": false,
            "frequency": 151.7825
          },
          {
            "control": false,
            "frequency": 151.9025
          }
        ],
        "siteCounty": {
          "link": "/apps/db/?ctid=3126",
          "name": "Campbell"
        },
        "site": {
          "systemName": "Rocky Mountain Oilfield Warehouse",
          "systemLocation": "Casper, Wyoming",
          "siteNumber": "Decimal: 007 / Hex: 7",
          "siteUniqueDBID": "13837",
          "siteDescription": "Savageton",
          "siteCountyLocation": "Campbell",
          "siteNeighbors": "N/A",
          "siteLocation": "15 km SW of Savageton",
          "siteModulation": "Analog",
          "siteNotes": "None",
          "latitude": "N 43.72222",
          "longitude": "W -106.88225",
          "range": {
            "distance": 35,
            "units": "miles"
          }
        },
        "siteLink": "/apps/db/?siteId=13837",
        "siteName": "Savageton",
        "siteID": 13837
      },
      {
        "frequencies": [
          {
            "control": false,
            "frequency": 151.9025
          },
          {
            "control": false,
            "frequency": 151.4975
          },
          {
            "control": false,
            "frequency": 151.5425
          },
          {
            "control": false,
            "frequency": 151.5725
          },
          {
            "control": false,
            "frequency": 151.7225
          },
          {
            "control": false,
            "frequency": 151.7825
          }
        ],
        "siteCounty": {
          "link": "/apps/db/?ctid=3140",
          "name": "Sheridan"
        },
        "site": {
          "systemName": "Rocky Mountain Oilfield Warehouse",
          "systemLocation": "Casper, Wyoming",
          "siteNumber": "Decimal: 008 / Hex: 8",
          "siteUniqueDBID": "13838",
          "siteDescription": "Regrade",
          "siteCountyLocation": "Sheridan",
          "siteNeighbors": "N/A",
          "siteLocation": "Big Horn",
          "siteModulation": "Analog",
          "siteNotes": "None",
          "latitude": "N 44.62253",
          "longitude": "W -107.10408",
          "range": {
            "distance": 35,
            "units": "miles"
          }
        },
        "siteLink": "/apps/db/?siteId=13838",
        "siteName": "Regrade",
        "siteID": 13838
      }
    ],
    "talkgroups": {
      "All": [
        {
          "decimal": "0-00-001",
          "mode": "ANALOG",
          "description": "Test",
          "tag": "Business",
          "group": "All"
        }
      ]
    },
    "url": "https://www.radioreference.com/apps/db/?sid=5782&opt=all_tg",
    "uniqueIdentifier": "s-5782&opt=all_tg"
  },
  {
    "systemName": "Questar Infocomm Inc",
    "location": "Rock Springs, WY",
    "county": "2 counties",
    "systemType": "Motorola Type II Smartnet",
    "systemVoice": "Analog",
    "lastUpdated": "July 20, 2018, 7:33 am (Updated General Trunked System Information)",
    "systemID": "5921",
    "state": "Wyoming",
    "sites": [
      {
        "frequencies": [
          {
            "control": false,
            "frequency": 856.1875
          },
          {
            "control": "ALTERNATE",
            "frequency": 857.1875
          },
          {
            "control": "ALTERNATE",
            "frequency": 858.1875
          },
          {
            "control": "ALTERNATE",
            "frequency": 859.1875
          },
          {
            "control": "PRIMARY",
            "frequency": 860.1875
          }
        ],
        "siteCounty": {
          "link": "/apps/db/?ctid=3142",
          "name": "Sweetwater"
        },
        "site": {
          "systemName": "Questar Infocomm Inc",
          "systemLocation": "Rock Springs, Wyoming",
          "siteNumber": "Decimal: 001 / Hex: 1",
          "siteUniqueDBID": "13588",
          "siteDescription": "Aspen Mountain",
          "siteCountyLocation": "Sweetwater",
          "siteNeighbors": "N/A",
          "siteLocation": "16 km ESE of Rock Springs, on Aspen Mountain.",
          "siteModulation": "Analog",
          "siteNotes": "None",
          "latitude": "N 41.42525",
          "longitude": "W -109.13067",
          "range": {
            "distance": 35,
            "units": "miles"
          },
          "siteConnectTone": "None"
        },
        "siteLink": "/apps/db/?siteId=13588",
        "siteName": "Aspen Mountain",
        "siteID": 13588
      },
      {
        "frequencies": [
          {
            "control": false,
            "frequency": 856.6625
          },
          {
            "control": "ALTERNATE",
            "frequency": 857.6625
          },
          {
            "control": "ALTERNATE",
            "frequency": 858.6625
          },
          {
            "control": "ALTERNATE",
            "frequency": 859.6625
          },
          {
            "control": "PRIMARY",
            "frequency": 860.6625
          }
        ],
        "siteCounty": {
          "link": "/apps/db/?ctid=3144",
          "name": "Uinta"
        },
        "site": {
          "systemName": "Questar Infocomm Inc",
          "systemLocation": "Rock Springs, Wyoming",
          "siteNumber": "Decimal: 002 / Hex: 2",
          "siteUniqueDBID": "13621",
          "siteDescription": "Medicine Butte",
          "siteCountyLocation": "Uinta",
          "siteNeighbors": "N/A",
          "siteLocation": "On Medicine Butte, 10 km NE of Evanston.",
          "siteModulation": "Analog",
          "siteNotes": "Covers all of Uinta County.",
          "latitude": "N 41.35244",
          "longitude": "W -110.90794",
          "range": {
            "distance": 35,
            "units": "miles"
          },
          "siteConnectTone": "None"
        },
        "siteLink": "/apps/db/?siteId=13621",
        "siteName": "Medicine Butte",
        "siteID": 13621
      }
    ],
    "talkgroups": {
      "All": [
        {
          "decimal": "16",
          "mode": "ANALOG",
          "description": "Test",
          "tag": "Business",
          "group": "All"
        }
      ]
    },
    "url": "https://www.radioreference.com/apps/db/?sid=5921&opt=all_tg",
    "uniqueIdentifier": "s-5921&opt=all_tg"
  },
  {
    "systemName": "FMC Corporation (UHF)",
    "location": "Westavaco, WY",
    "county": "Sweetwater",
    "systemType": "LTR Standard",
    "systemVoice": "Analog",
    "lastUpdated": "July 20, 2014, 7:04 am (Added Talkgroup 1 Test)",
    "systemID": "5919",
    "state": "Wyoming",
    "sites": [
      {
        "frequencies": [
          {
            "control": false,
            "frequency": 452.45
          },
          {
            "control": false,
            "frequency": 452.85
          },
          {
            "control": false,
            "frequency": 453
          },
          {
            "control": false,
            "frequency": 460.7
          },
          {
            "control": false,
            "frequency": 460.85
          }
        ],
        "siteCounty": {},
        "site": {
          "systemName": "FMC Corporation (UHF)",
          "systemLocation": "Westavaco, Wyoming",
          "siteNumber": "Decimal: 001 / Hex: 1",
          "siteUniqueDBID": "13586",
          "siteDescription": "Primary",
          "siteCountyLocation": "Sweetwater",
          "siteNeighbors": "N/A",
          "siteLocation": "10 km N of I-80",
          "siteModulation": "Analog",
          "siteNotes": "None",
          "latitude": "N 41.62633",
          "longitude": "W -109.82431",
          "range": {
            "distance": 25,
            "units": "miles"
          }
        },
        "siteLink": "/apps/db/?siteId=13586",
        "siteName": "Primary",
        "siteID": 13586
      }
    ],
    "talkgroups": {
      "All": [
        {
          "decimal": "0-00-001",
          "mode": "ANALOG",
          "description": "Test",
          "tag": "Business",
          "group": "All"
        }
      ]
    },
    "url": "https://www.radioreference.com/apps/db/?sid=5919&opt=all_tg",
    "uniqueIdentifier": "s-5919&opt=all_tg"
  },
  {
    "systemName": "Yellowstone Regional Airport",
    "location": "Cody, WY",
    "county": "Park",
    "systemType": "iDEN Standard",
    "systemVoice": "iDEN TDMA",
    "lastUpdated": "July 20, 2014, 8:18 am (Updated Sites)",
    "systemID": "5147",
    "state": "Wyoming",
    "sites": [
      {
        "frequencies": [
          {
            "control": false,
            "frequency": 856.8375
          },
          {
            "control": false,
            "frequency": 857.8375
          },
          {
            "control": false,
            "frequency": 858.8375
          },
          {
            "control": false,
            "frequency": 859.8375
          },
          {
            "control": false,
            "frequency": 860.8375
          }
        ],
        "siteCounty": {},
        "site": {
          "systemName": "Yellowstone Regional Airport",
          "systemLocation": "Cody, Wyoming",
          "siteNumber": "Decimal: 001 / Hex: 1",
          "siteUniqueDBID": "10917",
          "siteDescription": "Primary",
          "siteCountyLocation": "Park",
          "siteNeighbors": "N/A",
          "siteLocation": "200 meters N of Tanks Refinery",
          "siteModulation": "Digital",
          "siteNotes": "None",
          "latitude": "N 44.5",
          "longitude": "W -109.5",
          "range": {
            "distance": 50,
            "units": "miles"
          }
        },
        "siteLink": "/apps/db/?siteId=10917",
        "siteName": "Primary",
        "siteID": 10917
      }
    ],
    "talkgroups": {
      "All": [
        {
          "decimal": "1",
          "mode": "ANALOG",
          "description": "Test",
          "tag": "Business",
          "group": "All"
        }
      ]
    },
    "url": "https://www.radioreference.com/apps/db/?sid=5147&opt=all_tg",
    "uniqueIdentifier": "s-5147&opt=all_tg"
  },
  {
    "systemName": "FMC Corporation (800 MHz)",
    "location": "Westavaco, WY",
    "county": "Sweetwater",
    "systemType": "Motorola Type II Smartnet",
    "systemVoice": "Analog",
    "lastUpdated": "July 20, 2014, 8:24 am (Updated Sites)",
    "systemID": "5920",
    "state": "Wyoming",
    "sites": [
      {
        "frequencies": [
          {
            "control": false,
            "frequency": 856.3125
          },
          {
            "control": "ALTERNATE",
            "frequency": 857.3125
          },
          {
            "control": "ALTERNATE",
            "frequency": 858.3125
          },
          {
            "control": "ALTERNATE",
            "frequency": 859.3125
          },
          {
            "control": "PRIMARY",
            "frequency": 860.3125
          }
        ],
        "siteCounty": {},
        "site": {
          "systemName": "FMC Corporation (800 MHz)",
          "systemLocation": "Westavaco, Wyoming",
          "siteNumber": "Decimal: 001 / Hex: 1",
          "siteUniqueDBID": "13587",
          "siteDescription": "Mine Shaft 1",
          "siteCountyLocation": "Sweetwater",
          "siteNeighbors": "N/A",
          "siteLocation": "10 km N of I-80",
          "siteModulation": "Analog",
          "siteNotes": "None",
          "latitude": "N 41.62633",
          "longitude": "W -109.82431",
          "range": {
            "distance": 25,
            "units": "miles"
          },
          "siteConnectTone": "None"
        },
        "siteLink": "/apps/db/?siteId=13587",
        "siteName": "Mine Shaft 1",
        "siteID": 13587
      }
    ],
    "talkgroups": {
      "All": [
        {
          "decimal": "16",
          "mode": "ANALOG",
          "description": "Test",
          "tag": "Business",
          "group": "All"
        }
      ]
    },
    "url": "https://www.radioreference.com/apps/db/?sid=5920&opt=all_tg",
    "uniqueIdentifier": "s-5920&opt=all_tg"
  },
  {
    "systemName": "Cordero Mining",
    "location": "Gillette, WY",
    "county": "Campbell",
    "systemType": "DMR Motorola Connect Plus (TRBO)",
    "systemVoice": "DMR",
    "lastUpdated": "February 14, 2019, 5:56 pm (Changed Site # 003 (Site 3) to 003 (Site 3))",
    "systemID": "8827",
    "state": "Wyoming",
    "sites": [
      {
        "frequencies": [
          {
            "control": false,
            "frequency": 451.4125
          },
          {
            "control": false,
            "frequency": 451.6875
          },
          {
            "control": false,
            "frequency": 452.1375
          },
          {
            "control": false,
            "frequency": 452.2875
          },
          {
            "control": false,
            "frequency": 452.7125
          }
        ],
        "siteCounty": {},
        "site": {
          "systemName": "Cordero Mining",
          "systemLocation": "Gillette, Wyoming",
          "siteNumber": "Decimal: 001 / Hex: 1",
          "siteUniqueDBID": "27811",
          "siteDescription": "Site 1",
          "siteCountyLocation": "Campbell",
          "siteNeighbors": "N/A",
          "siteLocation": "N/A",
          "siteModulation": "N/A",
          "siteNotes": "None",
          "latitude": "N 44.05656",
          "longitude": "W -105.34572",
          "range": {
            "distance": 10,
            "units": "miles"
          }
        },
        "siteLink": "/apps/db/?siteId=27811",
        "siteName": "Site 1",
        "siteID": 27811
      },
      {
        "frequencies": [
          {
            "control": false,
            "frequency": 451.4875
          },
          {
            "control": false,
            "frequency": 451.7625
          },
          {
            "control": false,
            "frequency": 451.95
          },
          {
            "control": false,
            "frequency": 452.6875
          },
          {
            "control": false,
            "frequency": 452.9875
          }
        ],
        "siteCounty": {},
        "site": {
          "systemName": "Cordero Mining",
          "systemLocation": "Gillette, Wyoming",
          "siteNumber": "Decimal: 002 / Hex: 2",
          "siteUniqueDBID": "33848",
          "siteDescription": "Site 2",
          "siteCountyLocation": "Campbell",
          "siteNeighbors": "N/A",
          "siteLocation": "N/A",
          "siteModulation": "N/A",
          "siteNotes": "None",
          "latitude": "N 44.04942",
          "longitude": "W -105.41208",
          "range": {
            "distance": 10,
            "units": "miles"
          }
        },
        "siteLink": "/apps/db/?siteId=33848",
        "siteName": "Site 2",
        "siteID": 33848
      },
      {
        "frequencies": [
          {
            "control": false,
            "frequency": 451.5125
          },
          {
            "control": false,
            "frequency": 451.7125
          },
          {
            "control": false,
            "frequency": 452.275
          },
          {
            "control": false,
            "frequency": 452.6625
          },
          {
            "control": false,
            "frequency": 452.8875
          }
        ],
        "siteCounty": {},
        "site": {
          "systemName": "Cordero Mining",
          "systemLocation": "Gillette, Wyoming",
          "siteNumber": "Decimal: 003 / Hex: 3",
          "siteUniqueDBID": "33847",
          "siteDescription": "Site 3",
          "siteCountyLocation": "Campbell",
          "siteNeighbors": "N/A",
          "siteLocation": "N/A",
          "siteModulation": "N/A",
          "siteNotes": "None",
          "latitude": "N 43.99181",
          "longitude": "W -105.39981",
          "range": {
            "distance": 10,
            "units": "miles"
          }
        },
        "siteLink": "/apps/db/?siteId=33847",
        "siteName": "Site 3",
        "siteID": 33847
      }
    ],
    "talkgroups": {
      "Operations": [
        {
          "decimal": "201",
          "mode": "TDMA",
          "description": "Mine Operations",
          "tag": "Business",
          "group": "Operations"
        },
        {
          "decimal": "202",
          "mode": "TDMA",
          "description": "Blasting Operations",
          "tag": "Business",
          "group": "Operations"
        },
        {
          "decimal": "301",
          "mode": "TDMA",
          "description": "Equipment Maintenance",
          "tag": "Business",
          "group": "Operations"
        },
        {
          "decimal": "305",
          "mode": "TDMA",
          "description": "Maintenance",
          "tag": "Business",
          "group": "Operations"
        },
        {
          "decimal": "306",
          "mode": "TDMA",
          "description": "Haul Trucks (306)",
          "tag": "Business",
          "group": "Operations"
        },
        {
          "decimal": "307",
          "mode": "TDMA",
          "description": "Haul Trucks (307)",
          "tag": "Business",
          "group": "Operations"
        },
        {
          "decimal": "310",
          "mode": "TDMA",
          "description": "South Street Haul Trucks",
          "tag": "Business",
          "group": "Operations"
        },
        {
          "decimal": "404",
          "mode": "TDMA",
          "description": "Electrical Maintenance",
          "tag": "Business",
          "group": "Operations"
        },
        {
          "decimal": "405",
          "mode": "TDMA",
          "description": "Haul Trucks Maintenance",
          "tag": "Business",
          "group": "Operations"
        },
        {
          "decimal": "506",
          "mode": "TDMA",
          "description": "Loader Operations",
          "tag": "Business",
          "group": "Operations"
        },
        {
          "decimal": "507",
          "mode": "TDMA",
          "description": "Dozer/Loader Operations",
          "tag": "Business",
          "group": "Operations"
        },
        {
          "decimal": "601",
          "mode": "TDMA",
          "description": "Coveryor Belt Operations",
          "tag": "Business",
          "group": "Operations"
        }
      ]
    },
    "url": "https://www.radioreference.com/apps/db/?sid=8827&opt=all_tg",
    "uniqueIdentifier": "s-8827&opt=all_tg"
  },
  {
    "systemName": "Microsoft Cheyenne Data Center",
    "location": "Cheyenne, WY",
    "county": "Laramie",
    "systemType": "DMR Motorola Capacity Plus Multi Site (TRBO)",
    "systemVoice": "DMR",
    "lastUpdated": "May 25, 2019, 10:25 am (Changed Talkgroup Category: Operations to Operations(Operations))",
    "systemID": "10615",
    "state": "Wyoming",
    "sites": [
      {
        "frequencies": [
          {
            "control": false,
            "frequency": 461.25
          },
          {
            "control": false,
            "frequency": 461.625
          },
          {
            "control": false,
            "frequency": 461.975
          }
        ],
        "siteCounty": {},
        "site": {
          "systemName": "Microsoft Cheyenne Data Center",
          "systemLocation": "Cheyenne, Wyoming",
          "siteNumber": "Decimal: 001 / Hex: 1",
          "siteUniqueDBID": "34576",
          "siteDescription": "Site 1",
          "siteCountyLocation": "Laramie",
          "siteNeighbors": "2",
          "siteLocation": "680 Logistics Drive",
          "siteModulation": "DMR",
          "siteNotes": "None",
          "latitude": "N 41.124167",
          "longitude": "W -104.899444",
          "range": {
            "distance": 1,
            "units": "miles"
          }
        },
        "siteLink": "/apps/db/?siteId=34576",
        "siteName": "Site 1",
        "siteID": 34576
      },
      {
        "frequencies": [
          {
            "control": false,
            "frequency": 461.2
          },
          {
            "control": false,
            "frequency": 461.7375
          },
          {
            "control": false,
            "frequency": 461.9875
          }
        ],
        "siteCounty": {},
        "site": {
          "systemName": "Microsoft Cheyenne Data Center",
          "systemLocation": "Cheyenne, Wyoming",
          "siteNumber": "Decimal: 002 / Hex: 2",
          "siteUniqueDBID": "34577",
          "siteDescription": "Site 2",
          "siteCountyLocation": "Laramie",
          "siteNeighbors": "1",
          "siteLocation": "644 Logistics Drive",
          "siteModulation": "DMR",
          "siteNotes": "None",
          "latitude": "N 41.121361",
          "longitude": "W -104.898139",
          "range": {
            "distance": 1,
            "units": "miles"
          }
        },
        "siteLink": "/apps/db/?siteId=34577",
        "siteName": "Site 2",
        "siteID": 34577
      }
    ],
    "talkgroups": {
      "Operations": [
        {
          "decimal": "202",
          "mode": "TDMA",
          "description": "Data Center Ops (202)",
          "tag": "Business",
          "group": "Operations"
        },
        {
          "decimal": "203",
          "mode": "TDMA",
          "description": "Data Center Ops (203)",
          "tag": "Business",
          "group": "Operations"
        },
        {
          "decimal": "207",
          "mode": "TDMA",
          "description": "Data Center Ops (207)",
          "tag": "Business",
          "group": "Operations"
        }
      ]
    },
    "url": "https://www.radioreference.com/apps/db/?sid=10615&opt=all_tg",
    "uniqueIdentifier": "s-10615&opt=all_tg"
  },
  {
    "systemName": "Simplot Phosphates Inc",
    "location": "Rock Springs, WY",
    "county": "Sweetwater",
    "systemType": "Motorola Type II Smartnet",
    "systemVoice": "Analog",
    "lastUpdated": "July 20, 2018, 7:33 am (Updated General Trunked System Information)",
    "systemID": "5922",
    "state": "Wyoming",
    "sites": [
      {
        "frequencies": [
          {
            "control": false,
            "frequency": 936.4
          },
          {
            "control": false,
            "frequency": 936.4125
          },
          {
            "control": false,
            "frequency": 936.425
          },
          {
            "control": "ALTERNATE",
            "frequency": 936.4375
          },
          {
            "control": "PRIMARY",
            "frequency": 936.45
          }
        ],
        "siteCounty": {},
        "site": {
          "systemName": "Simplot Phosphates Inc",
          "systemLocation": "Rock Springs, Wyoming",
          "siteNumber": "Decimal: 001 / Hex: 1",
          "siteUniqueDBID": "13589",
          "siteDescription": "Primary",
          "siteCountyLocation": "Sweetwater",
          "siteNeighbors": "N/A",
          "siteLocation": "515 S Hwy 430",
          "siteModulation": "Analog",
          "siteNotes": "None",
          "latitude": "N 41.54314",
          "longitude": "W -109.13464",
          "range": {
            "distance": 25,
            "units": "miles"
          },
          "siteConnectTone": "None"
        },
        "siteLink": "/apps/db/?siteId=13589",
        "siteName": "Primary",
        "siteID": 13589
      }
    ],
    "talkgroups": {
      "All": [
        {
          "decimal": "16",
          "mode": "ANALOG",
          "description": "Test",
          "tag": "Business",
          "group": "All"
        }
      ]
    },
    "url": "https://www.radioreference.com/apps/db/?sid=5922&opt=all_tg",
    "uniqueIdentifier": "s-5922&opt=all_tg"
  },
  {
    "systemName": "Communications Technologies",
    "location": "Rock Springs, WY",
    "county": "Sweetwater",
    "systemType": "LTR Standard",
    "systemVoice": "Analog",
    "lastUpdated": "July 20, 2014, 8:22 am (Changed Site # 001 (Rock Springs) to 001 (Rock Springs))",
    "systemID": "1701",
    "state": "Wyoming",
    "sites": [
      {
        "frequencies": [
          {
            "control": false,
            "frequency": 452.45
          },
          {
            "control": false,
            "frequency": 452.85
          },
          {
            "control": false,
            "frequency": 453
          },
          {
            "control": false,
            "frequency": 460.7
          },
          {
            "control": false,
            "frequency": 460.85
          }
        ],
        "siteCounty": {},
        "site": {
          "systemName": "Communications Technologies",
          "systemLocation": "Rock Springs, Wyoming",
          "siteNumber": "Decimal: 001 / Hex: 1",
          "siteUniqueDBID": "2463",
          "siteDescription": "Rock Springs",
          "siteCountyLocation": "Sweetwater",
          "siteNeighbors": "N/A",
          "siteLocation": "N/A",
          "siteModulation": "N/A",
          "siteNotes": "None",
          "latitude": "N 41.6",
          "longitude": "W -109.2",
          "range": {
            "distance": 25,
            "units": "miles"
          }
        },
        "siteLink": "/apps/db/?siteId=2463",
        "siteName": "Rock Springs",
        "siteID": 2463
      }
    ],
    "talkgroups": {
      "All": [
        {
          "decimal": "0-00-001",
          "mode": "ANALOG",
          "description": "Test",
          "tag": "Business",
          "group": "All"
        }
      ]
    },
    "url": "https://www.radioreference.com/apps/db/?sid=1701&opt=all_tg",
    "uniqueIdentifier": "s-1701&opt=all_tg"
  },
  {
    "systemName": "Commercial Technologies",
    "location": "Jackson, WY",
    "county": "Teton",
    "systemType": "LTR Standard",
    "systemVoice": "Analog",
    "lastUpdated": "August 6, 2018, 10:21 am (Deleted 1 talkgroup(s) (All))",
    "systemID": "1700",
    "state": "Wyoming",
    "sites": [
      {
        "frequencies": [
          {
            "control": false,
            "frequency": 451.175
          },
          {
            "control": false,
            "frequency": 451.225
          },
          {
            "control": false,
            "frequency": 451.275
          },
          {
            "control": false,
            "frequency": 451.425
          },
          {
            "control": false,
            "frequency": 451.575
          }
        ],
        "siteCounty": {},
        "site": {
          "systemName": "Commercial Technologies",
          "systemLocation": "Jackson, Wyoming",
          "siteNumber": "Decimal: 001 / Hex: 1",
          "siteUniqueDBID": "2462",
          "siteDescription": "Unconfirmed LCN",
          "siteCountyLocation": "Teton",
          "siteNeighbors": "N/A",
          "siteLocation": "N/A",
          "siteModulation": "N/A",
          "siteNotes": "None",
          "latitude": "N 44",
          "longitude": "W -110.5",
          "range": {
            "distance": 40,
            "units": "miles"
          }
        },
        "siteLink": "/apps/db/?siteId=2462",
        "siteName": "Unconfirmed LCN",
        "siteID": 2462
      }
    ],
    "url": "https://www.radioreference.com/apps/db/?sid=1700&opt=all_tg",
    "uniqueIdentifier": "s-1700&opt=all_tg"
  },
  {
    "systemName": "Windriver Wireless LLC",
    "location": "Rock Springs, WY",
    "county": "Sweetwater",
    "systemType": "LTR Standard",
    "systemVoice": "Analog",
    "lastUpdated": "July 20, 2018, 7:34 am (Updated General Trunked System Information)",
    "systemID": "5924",
    "state": "Wyoming",
    "sites": [
      {
        "frequencies": [
          {
            "control": false,
            "frequency": 151.805
          },
          {
            "control": false,
            "frequency": 152.945
          }
        ],
        "siteCounty": {},
        "site": {
          "systemName": "Windriver Wireless LLC",
          "systemLocation": "Rock Springs, Wyoming",
          "siteNumber": "Decimal: 001 / Hex: 1",
          "siteUniqueDBID": "13591",
          "siteDescription": "Rock Springs",
          "siteCountyLocation": "Sweetwater",
          "siteNeighbors": "N/A",
          "siteLocation": "Aspen Mountain",
          "siteModulation": "Analog",
          "siteNotes": "None",
          "latitude": "N 41.43053",
          "longitude": "W -109.12094",
          "range": {
            "distance": 25,
            "units": "miles"
          }
        },
        "siteLink": "/apps/db/?siteId=13591",
        "siteName": "Rock Springs",
        "siteID": 13591
      }
    ],
    "talkgroups": {
      "All": [
        {
          "decimal": "0-00-001",
          "mode": "ANALOG",
          "description": "Test",
          "tag": "Business",
          "group": "All"
        }
      ]
    },
    "url": "https://www.radioreference.com/apps/db/?sid=5924&opt=all_tg",
    "uniqueIdentifier": "s-5924&opt=all_tg"
  },
  {
    "systemName": "Amoco Production Company",
    "location": "Granger, WY",
    "county": "Sweetwater",
    "systemType": "iDEN Standard",
    "systemVoice": "iDEN TDMA",
    "lastUpdated": "June 9, 2012, 3:03 am (Changed Site # 001 (Granger) to 01 (Granger))",
    "systemID": "5918",
    "state": "Wyoming",
    "sites": [
      {
        "frequencies": [
          {
            "control": false,
            "frequency": 854.8375
          },
          {
            "control": false,
            "frequency": 855.5125
          },
          {
            "control": false,
            "frequency": 856.3625
          },
          {
            "control": false,
            "frequency": 856.8875
          },
          {
            "control": "PRIMARY",
            "frequency": 857.8125
          }
        ],
        "siteCounty": {},
        "site": {
          "systemName": "Amoco Production Company",
          "systemLocation": "Granger, Wyoming",
          "siteNumber": "Decimal: 001 / Hex: 1",
          "siteUniqueDBID": "13585",
          "siteDescription": "Granger",
          "siteCountyLocation": "Sweetwater",
          "siteNeighbors": "N/A",
          "siteLocation": "3.2 km SW of Moax",
          "siteModulation": "C4FM",
          "siteNotes": "None",
          "latitude": "N 41.55467",
          "longitude": "W -109.97903",
          "range": {
            "distance": 15,
            "units": "miles"
          }
        },
        "siteLink": "/apps/db/?siteId=13585",
        "siteName": "Granger",
        "siteID": 13585
      }
    ],
    "url": "https://www.radioreference.com/apps/db/?sid=5918&opt=all_tg",
    "uniqueIdentifier": "s-5918&opt=all_tg"
  },
  {
    "systemName": "Communications Source Sales",
    "location": "Laramie, WY",
    "county": "Albany",
    "systemType": "LTR Standard",
    "systemVoice": "Analog",
    "lastUpdated": "July 20, 2014, 8:33 am (Changed Site # 001 (Laramie) to 001 (Laramie))",
    "systemID": "1702",
    "state": "Wyoming",
    "sites": [
      {
        "frequencies": [
          {
            "control": false,
            "frequency": 451.3
          },
          {
            "control": false,
            "frequency": 451.6
          },
          {
            "control": false,
            "frequency": 451.875
          },
          {
            "control": false,
            "frequency": 452.0125
          },
          {
            "control": false,
            "frequency": 452.25
          }
        ],
        "siteCounty": {},
        "site": {
          "systemName": "Communications Source Sales",
          "systemLocation": "Laramie, Wyoming",
          "siteNumber": "Decimal: 001 / Hex: 1",
          "siteUniqueDBID": "2464",
          "siteDescription": "Laramie",
          "siteCountyLocation": "Albany",
          "siteNeighbors": "N/A",
          "siteLocation": "N/A",
          "siteModulation": "N/A",
          "siteNotes": "None",
          "latitude": "N 41.3",
          "longitude": "W -105.6",
          "range": {
            "distance": 20,
            "units": "miles"
          }
        },
        "siteLink": "/apps/db/?siteId=2464",
        "siteName": "Laramie",
        "siteID": 2464
      }
    ],
    "talkgroups": {
      "All": [
        {
          "decimal": "0-00-001",
          "mode": "ANALOG",
          "description": "Test",
          "tag": "Business",
          "group": "All"
        }
      ]
    },
    "url": "https://www.radioreference.com/apps/db/?sid=1702&opt=all_tg",
    "uniqueIdentifier": "s-1702&opt=all_tg"
  },
  {
    "systemName": "Enterprise Products Operating LLC",
    "location": "Opal, WY",
    "county": "Lincoln",
    "systemType": "LTR Standard",
    "systemVoice": "Analog",
    "lastUpdated": "July 20, 2018, 7:33 am (Updated General Trunked System Information)",
    "systemID": "5926",
    "state": "Wyoming",
    "sites": [
      {
        "frequencies": [
          {
            "control": false,
            "frequency": 451.9
          },
          {
            "control": false,
            "frequency": 452.3375
          }
        ],
        "siteCounty": {},
        "site": {
          "systemName": "Enterprise Products Operating LLC",
          "systemLocation": "Opal, Wyoming",
          "siteNumber": "Decimal: 001 / Hex: 1",
          "siteUniqueDBID": "13605",
          "siteDescription": "Primary",
          "siteCountyLocation": "Lincoln",
          "siteNeighbors": "N/A",
          "siteLocation": "Pioneer Plant",
          "siteModulation": "N/A",
          "siteNotes": "None",
          "latitude": "N 41.79292",
          "longitude": "W -110.32708",
          "range": {
            "distance": 30,
            "units": "miles"
          }
        },
        "siteLink": "/apps/db/?siteId=13605",
        "siteName": "Primary",
        "siteID": 13605
      }
    ],
    "talkgroups": {
      "All": [
        {
          "decimal": "0-00-001",
          "mode": "ANALOG",
          "description": "Test",
          "tag": "Business",
          "group": "All"
        }
      ]
    },
    "url": "https://www.radioreference.com/apps/db/?sid=5926&opt=all_tg",
    "uniqueIdentifier": "s-5926&opt=all_tg"
  },
  {
    "systemName": "Two Way Radio Service (Casper)",
    "location": "Casper, WY",
    "county": "Natrona",
    "systemType": "LTR Standard",
    "systemVoice": "Analog",
    "lastUpdated": "July 20, 2014, 8:13 am (Changed Site # 001 (Site-1) to 001 (Site-1))",
    "systemID": "1696",
    "state": "Wyoming",
    "sites": [
      {
        "frequencies": [
          {
            "control": false,
            "frequency": 451.35
          },
          {
            "control": false,
            "frequency": 451.925
          },
          {
            "control": false,
            "frequency": 452.025
          },
          {
            "control": false,
            "frequency": 452.375
          },
          {
            "control": false,
            "frequency": 452.825
          }
        ],
        "siteCounty": {},
        "site": {
          "systemName": "Two Way Radio Service (Casper)",
          "systemLocation": "Casper, Wyoming",
          "siteNumber": "Decimal: 001 / Hex: 1",
          "siteUniqueDBID": "2457",
          "siteDescription": "Site-1",
          "siteCountyLocation": "Natrona",
          "siteNeighbors": "N/A",
          "siteLocation": "N/A",
          "siteModulation": "N/A",
          "siteNotes": "None",
          "latitude": "N 42.9",
          "longitude": "W -106.4",
          "range": {
            "distance": 40,
            "units": "miles"
          }
        },
        "siteLink": "/apps/db/?siteId=2457",
        "siteName": "Site-1",
        "siteID": 2457
      }
    ],
    "talkgroups": {
      "All": [
        {
          "decimal": "0-00-001",
          "mode": "ANALOG",
          "description": "Test",
          "tag": "Business",
          "group": "All"
        }
      ]
    },
    "url": "https://www.radioreference.com/apps/db/?sid=1696&opt=all_tg",
    "uniqueIdentifier": "s-1696&opt=all_tg"
  },
  {
    "systemName": "Sublette County",
    "location": "Pinedale, WY",
    "county": "Sublette",
    "systemType": "Project 25 Phase II",
    "systemVoice": "APCO-25 Common Air Interface Exclusive",
    "lastUpdated": "April 11, 2019, 9:15 am (General text description updated)",
    "systemID": "10532",
    "state": "Wyoming",
    "sites": [
      {
        "frequencies": [
          {
            "control": false,
            "frequency": 150.86
          },
          {
            "control": false,
            "frequency": 151.67
          },
          {
            "control": false,
            "frequency": 151.91
          },
          {
            "control": false,
            "frequency": 152.435
          },
          {
            "control": false,
            "frequency": 153.2
          }
        ],
        "siteCounty": {},
        "site": {
          "systemName": "Sublette County",
          "systemLocation": "Pinedale, Wyoming",
          "siteNumber": "Decimal: 001 / Hex: 1",
          "siteUniqueDBID": "34277",
          "siteDescription": "Boundurant",
          "siteCountyLocation": "Sublette",
          "siteNeighbors": "N/A",
          "siteLocation": "N/A",
          "siteModulation": "N/A",
          "siteNotes": "Unconfirmed Site/RFSS/NAC 4/11/19",
          "siteNac": "N/A",
          "latitude": "N 43.10594",
          "longitude": "W -110.23106",
          "range": {
            "distance": 25,
            "units": "miles"
          }
        },
        "siteLink": "/apps/db/?siteId=34277",
        "siteName": "Boundurant",
        "siteID": 34277
      },
      {
        "frequencies": [
          {
            "control": false,
            "frequency": 150.965
          },
          {
            "control": false,
            "frequency": 151.79
          },
          {
            "control": false,
            "frequency": 152.375
          },
          {
            "control": false,
            "frequency": 153.17
          }
        ],
        "siteCounty": {},
        "site": {
          "systemName": "Sublette County",
          "systemLocation": "Pinedale, Wyoming",
          "siteNumber": "Decimal: 002 / Hex: 2",
          "siteUniqueDBID": "34278",
          "siteDescription": "Big Sandy",
          "siteCountyLocation": "Sublette",
          "siteNeighbors": "N/A",
          "siteLocation": "N/A",
          "siteModulation": "N/A",
          "siteNotes": "Unconfirmed site/rfss/nac 4/11/19",
          "siteNac": "N/A",
          "latitude": "N 42.42383",
          "longitude": "W -109.56122",
          "range": {
            "distance": 25,
            "units": "miles"
          }
        },
        "siteLink": "/apps/db/?siteId=34278",
        "siteName": "Big Sandy",
        "siteID": 34278
      },
      {
        "frequencies": [
          {
            "control": false,
            "frequency": 151.6025
          },
          {
            "control": false,
            "frequency": 151.91
          }
        ],
        "siteCounty": {},
        "site": {
          "systemName": "Sublette County",
          "systemLocation": "Pinedale, Wyoming",
          "siteNumber": "Decimal: 003 / Hex: 3",
          "siteUniqueDBID": "34279",
          "siteDescription": "Pinedale",
          "siteCountyLocation": "Sublette",
          "siteNeighbors": "N/A",
          "siteLocation": "N/A",
          "siteModulation": "N/A",
          "siteNotes": "Unconfirmed site/rfss/nac 4/11/19",
          "siteNac": "N/A",
          "latitude": "N 42.96744",
          "longitude": "W -109.74778",
          "range": {
            "distance": 25,
            "units": "miles"
          }
        },
        "siteLink": "/apps/db/?siteId=34279",
        "siteName": "Pinedale",
        "siteID": 34279
      }
    ],
    "talkgroups": {
      "System Testing": [
        {
          "decimal": "1",
          "mode": "TDMA",
          "description": "System Testing",
          "tag": "Public Works",
          "group": "System Testing"
        }
      ]
    },
    "url": "https://www.radioreference.com/apps/db/?sid=10532&opt=all_tg",
    "uniqueIdentifier": "s-10532&opt=all_tg"
  },
  {
    "systemName": "Ryan Electronics",
    "location": "Elk Mountain, WY",
    "county": "Carbon",
    "systemType": "LTR Standard",
    "systemVoice": "Analog",
    "lastUpdated": "July 20, 2014, 7:07 am (Added Talkgroup 1 Test)",
    "systemID": "1699",
    "state": "Wyoming",
    "sites": [
      {
        "frequencies": [
          {
            "control": false,
            "frequency": 451.975
          },
          {
            "control": false,
            "frequency": 452.35
          },
          {
            "control": false,
            "frequency": 452.675
          },
          {
            "control": false,
            "frequency": 452.975
          },
          {
            "control": false,
            "frequency": 461.325
          }
        ],
        "siteCounty": {},
        "site": {
          "systemName": "Ryan Electronics",
          "systemLocation": "Elk Mountain, Wyoming",
          "siteNumber": "Decimal: 001 / Hex: 1",
          "siteUniqueDBID": "2461",
          "siteDescription": "Elk Mountain",
          "siteCountyLocation": "Carbon",
          "siteNeighbors": "N/A",
          "siteLocation": "13 km SW of Elk Mountain",
          "siteModulation": "Analog",
          "siteNotes": "None",
          "latitude": "N 41.63358",
          "longitude": "W -106.52558",
          "range": {
            "distance": 35,
            "units": "miles"
          }
        },
        "siteLink": "/apps/db/?siteId=2461",
        "siteName": "Elk Mountain",
        "siteID": 2461
      },
      {
        "frequencies": [
          {
            "control": false,
            "frequency": 451.275
          },
          {
            "control": false,
            "frequency": 451.7
          }
        ],
        "siteCounty": {},
        "site": {
          "systemName": "Ryan Electronics",
          "systemLocation": "Elk Mountain, Wyoming",
          "siteNumber": "Decimal: 002 / Hex: 2",
          "siteUniqueDBID": "13507",
          "siteDescription": "Rawlins 1",
          "siteCountyLocation": "Carbon",
          "siteNeighbors": "N/A",
          "siteLocation": "13 km S of Chokecherry Knob",
          "siteModulation": "Analog",
          "siteNotes": "None",
          "latitude": "N 41.67969",
          "longitude": "W -107.23811",
          "range": {
            "distance": 35,
            "units": "miles"
          }
        },
        "siteLink": "/apps/db/?siteId=13507",
        "siteName": "Rawlins 1",
        "siteID": 13507
      },
      {
        "frequencies": [
          {
            "control": false,
            "frequency": 451.4
          },
          {
            "control": false,
            "frequency": 451.9
          }
        ],
        "siteCounty": {},
        "site": {
          "systemName": "Ryan Electronics",
          "systemLocation": "Elk Mountain, Wyoming",
          "siteNumber": "Decimal: 003 / Hex: 3",
          "siteUniqueDBID": "13509",
          "siteDescription": "Rawlins 2",
          "siteCountyLocation": "Carbon",
          "siteNeighbors": "N/A",
          "siteLocation": "26 km S of Separation Peak",
          "siteModulation": "Analog",
          "siteNotes": "None",
          "latitude": "N 41.63553",
          "longitude": "W -107.39006",
          "range": {
            "distance": 35,
            "units": "miles"
          }
        },
        "siteLink": "/apps/db/?siteId=13509",
        "siteName": "Rawlins 2",
        "siteID": 13509
      },
      {
        "frequencies": [
          {
            "control": false,
            "frequency": 451.6
          }
        ],
        "siteCounty": {},
        "site": {
          "systemName": "Ryan Electronics",
          "systemLocation": "Elk Mountain, Wyoming",
          "siteNumber": "Decimal: 004 / Hex: 4",
          "siteUniqueDBID": "13508",
          "siteDescription": "Encampment",
          "siteCountyLocation": "Carbon",
          "siteNeighbors": "N/A",
          "siteLocation": "6.4 km W of Encampment",
          "siteModulation": "Analog",
          "siteNotes": "None",
          "latitude": "N 41.19497",
          "longitude": "W -106.87200",
          "range": {
            "distance": 20,
            "units": "miles"
          }
        },
        "siteLink": "/apps/db/?siteId=13508",
        "siteName": "Encampment",
        "siteID": 13508
      }
    ],
    "talkgroups": {
      "All": [
        {
          "decimal": "0-00-001",
          "mode": "ANALOG",
          "description": "Test",
          "tag": "Business",
          "group": "All"
        }
      ]
    },
    "url": "https://www.radioreference.com/apps/db/?sid=1699&opt=all_tg",
    "uniqueIdentifier": "s-1699&opt=all_tg"
  },
  {
    "systemName": "HollyFrontier Refinery",
    "location": "Cheyenne, WY",
    "county": "Laramie",
    "systemType": "DMR Motorola Capacity Plus Single Site (TRBO)",
    "systemVoice": "DMR",
    "lastUpdated": "May 22, 2019, 9:33 am (Changed Site # 001 (HollyFrontier Refinery) to 001 (HollyFrontier Refinery))",
    "systemID": "9311",
    "state": "Wyoming",
    "sites": [
      {
        "frequencies": [
          {
            "control": false,
            "frequency": 461.4
          },
          {
            "control": false,
            "frequency": 461.875
          },
          {
            "control": false,
            "frequency": 462.2
          },
          {
            "control": false,
            "frequency": 463.2
          },
          {
            "control": false,
            "frequency": 463.55
          },
          {
            "control": false,
            "frequency": 463.95
          },
          {
            "control": false,
            "frequency": 464.7125
          }
        ],
        "siteCounty": {},
        "site": {
          "systemName": "HollyFrontier Refinery",
          "systemLocation": "Cheyenne, Wyoming",
          "siteNumber": "Decimal: 001 / Hex: 1",
          "siteUniqueDBID": "29536",
          "siteDescription": "HollyFrontier Refinery",
          "siteCountyLocation": "Laramie",
          "siteNeighbors": "N/A",
          "siteLocation": "00 East 5th Street",
          "siteModulation": "DMR",
          "siteNotes": "None",
          "latitude": "N 41.12944",
          "longitude": "W -104.78833",
          "range": {
            "distance": 1,
            "units": "miles"
          }
        },
        "siteLink": "/apps/db/?siteId=29536",
        "siteName": "HollyFrontier Refinery",
        "siteID": 29536
      }
    ],
    "talkgroups": {
      "Refinery Operations": [
        {
          "decimal": "1",
          "mode": "TDMA",
          "description": "Operations 1",
          "tag": "Business",
          "group": "Refinery Operations"
        },
        {
          "decimal": "2",
          "mode": "TDMA",
          "description": "Operations 2",
          "tag": "Business",
          "group": "Refinery Operations"
        },
        {
          "decimal": "3",
          "mode": "TDMA",
          "description": "Operations 3",
          "tag": "Business",
          "group": "Refinery Operations"
        },
        {
          "decimal": "4",
          "mode": "TDMA",
          "description": "Operations 4",
          "tag": "Business",
          "group": "Refinery Operations"
        },
        {
          "decimal": "5",
          "mode": "TDMA",
          "description": "Operations 5",
          "tag": "Business",
          "group": "Refinery Operations"
        },
        {
          "decimal": "6",
          "mode": "TDMA",
          "description": "Operations 6",
          "tag": "Business",
          "group": "Refinery Operations"
        },
        {
          "decimal": "7",
          "mode": "TDMA",
          "description": "Operations 7",
          "tag": "Business",
          "group": "Refinery Operations"
        },
        {
          "decimal": "8",
          "mode": "TDMA",
          "description": "Operations 8",
          "tag": "Business",
          "group": "Refinery Operations"
        },
        {
          "decimal": "9",
          "mode": "TDMA",
          "description": "Operations 9",
          "tag": "Business",
          "group": "Refinery Operations"
        },
        {
          "decimal": "10",
          "mode": "TDMA",
          "description": "Warehouse",
          "tag": "Business",
          "group": "Refinery Operations"
        },
        {
          "decimal": "11",
          "mode": "TDMA",
          "description": "Operations 11",
          "tag": "Business",
          "group": "Refinery Operations"
        },
        {
          "decimal": "12",
          "mode": "TDMA",
          "description": "Operations 12",
          "tag": "Business",
          "group": "Refinery Operations"
        },
        {
          "decimal": "13",
          "mode": "TDMA",
          "description": "Operations 13",
          "tag": "Business",
          "group": "Refinery Operations"
        },
        {
          "decimal": "14",
          "mode": "TDMA",
          "description": "Operations 14",
          "tag": "Business",
          "group": "Refinery Operations"
        },
        {
          "decimal": "15",
          "mode": "TDMA",
          "description": "Operations 15",
          "tag": "Business",
          "group": "Refinery Operations"
        },
        {
          "decimal": "16",
          "mode": "TDMA",
          "description": "Operations 16",
          "tag": "Business",
          "group": "Refinery Operations"
        },
        {
          "decimal": "17",
          "mode": "TDMA",
          "description": "Operations 17",
          "tag": "Business",
          "group": "Refinery Operations"
        },
        {
          "decimal": "18",
          "mode": "TDMA",
          "description": "Operations 18",
          "tag": "Business",
          "group": "Refinery Operations"
        },
        {
          "decimal": "19",
          "mode": "TDMA",
          "description": "Operations 19",
          "tag": "Business",
          "group": "Refinery Operations"
        },
        {
          "decimal": "21",
          "mode": "TDMA",
          "description": "Operations 21",
          "tag": "Business",
          "group": "Refinery Operations"
        },
        {
          "decimal": "23",
          "mode": "TDMA",
          "description": "Operations 23",
          "tag": "Business",
          "group": "Refinery Operations"
        },
        {
          "decimal": "27",
          "mode": "TDMA",
          "description": "Operations 27",
          "tag": "Business",
          "group": "Refinery Operations"
        },
        {
          "decimal": "28",
          "mode": "TDMA",
          "description": "Operations 28",
          "tag": "Business",
          "group": "Refinery Operations"
        },
        {
          "decimal": "32",
          "mode": "TDMA",
          "description": "Operations 32",
          "tag": "Business",
          "group": "Refinery Operations"
        },
        {
          "decimal": "35",
          "mode": "TDMA",
          "description": "Plant Safety/Medical",
          "tag": "Business",
          "group": "Refinery Operations"
        },
        {
          "decimal": "37",
          "mode": "TDMA",
          "description": "Operations 37",
          "tag": "Business",
          "group": "Refinery Operations"
        },
        {
          "decimal": "254",
          "mode": "TDMA",
          "description": "Security / Weather Warning / All Call",
          "tag": "Business",
          "group": "Refinery Operations"
        }
      ]
    },
    "url": "https://www.radioreference.com/apps/db/?sid=9311&opt=all_tg",
    "uniqueIdentifier": "s-9311&opt=all_tg"
  },
  {
    "systemName": "Collins Communications Cheyenne",
    "location": "Cheyenne, WY",
    "county": "Laramie",
    "systemType": "LTR Standard",
    "systemVoice": "Analog",
    "lastUpdated": "March 17, 2017, 10:18 am (Updated Talkgroups (1 Updated))",
    "systemID": "7180",
    "state": "Wyoming",
    "sites": [
      {
        "frequencies": [
          {
            "control": false,
            "frequency": 451.8875
          },
          {
            "control": false,
            "frequency": 452.2125
          }
        ],
        "siteCounty": {},
        "site": {
          "systemName": "Collins Communications Cheyenne",
          "systemLocation": "Cheyenne, Wyoming",
          "siteNumber": "Decimal: 001 / Hex: 1",
          "siteUniqueDBID": "19291",
          "siteDescription": "Cheyenne",
          "siteCountyLocation": "Laramie",
          "siteNeighbors": "N/A",
          "siteLocation": "7011 Dell Range Blvd, Cheyenne",
          "siteModulation": "N/A",
          "siteNotes": "LCNs need checking",
          "latitude": "N 41.15942",
          "longitude": "W -104.72247",
          "range": {
            "distance": 10,
            "units": "miles"
          }
        },
        "siteLink": "/apps/db/?siteId=19291",
        "siteName": "Cheyenne",
        "siteID": 19291
      }
    ],
    "talkgroups": {
      "Cheyenne Area": [
        {
          "decimal": "0-00-054",
          "mode": "ANALOG",
          "description": "Construction",
          "tag": "Business",
          "group": "Cheyenne Area"
        },
        {
          "decimal": "0-00-253",
          "mode": "ANALOG",
          "description": "CW identifier",
          "tag": "Data",
          "group": "Cheyenne Area"
        },
        {
          "decimal": "0-01-054",
          "mode": "ANALOG",
          "description": "Oilfield Truck Traffic",
          "tag": "Business",
          "group": "Cheyenne Area"
        }
      ]
    },
    "url": "https://www.radioreference.com/apps/db/?sid=7180&opt=all_tg",
    "uniqueIdentifier": "s-7180&opt=all_tg"
  },
  {
    "systemName": "Collins Communications Cheyenne",
    "location": "Cheyenne, WY",
    "county": "Laramie",
    "systemType": "LTR Standard",
    "systemVoice": "Analog",
    "lastUpdated": "March 17, 2017, 10:18 am (Updated Talkgroups (1 Updated))",
    "systemID": "7180",
    "state": "Wyoming",
    "sites": [
      {
        "frequencies": [
          {
            "control": false,
            "frequency": 451.8875
          },
          {
            "control": false,
            "frequency": 452.2125
          }
        ],
        "siteCounty": {},
        "site": {
          "systemName": "Collins Communications Cheyenne",
          "systemLocation": "Cheyenne, Wyoming",
          "siteNumber": "Decimal: 001 / Hex: 1",
          "siteUniqueDBID": "19291",
          "siteDescription": "Cheyenne",
          "siteCountyLocation": "Laramie",
          "siteNeighbors": "N/A",
          "siteLocation": "7011 Dell Range Blvd, Cheyenne",
          "siteModulation": "N/A",
          "siteNotes": "LCNs need checking",
          "latitude": "N 41.15942",
          "longitude": "W -104.72247",
          "range": {
            "distance": 10,
            "units": "miles"
          }
        },
        "siteLink": "/apps/db/?siteId=19291",
        "siteName": "Cheyenne",
        "siteID": 19291
      }
    ],
    "talkgroups": {
      "Cheyenne Area": [
        {
          "decimal": "0-00-054",
          "mode": "ANALOG",
          "description": "Construction",
          "tag": "Business",
          "group": "Cheyenne Area"
        },
        {
          "decimal": "0-00-253",
          "mode": "ANALOG",
          "description": "CW identifier",
          "tag": "Data",
          "group": "Cheyenne Area"
        },
        {
          "decimal": "0-01-054",
          "mode": "ANALOG",
          "description": "Oilfield Truck Traffic",
          "tag": "Business",
          "group": "Cheyenne Area"
        }
      ]
    },
    "url": "https://www.radioreference.com/apps/db/?sid=7180&opt=all_tg",
    "uniqueIdentifier": "s-7180&opt=all_tg"
  },
  {
    "systemName": "Solvay Minerals Inc",
    "location": "Green River, WY",
    "county": "Sweetwater",
    "systemType": "Motorola Type II Smartnet",
    "systemVoice": "Analog",
    "lastUpdated": "July 20, 2018, 7:33 am (Updated General Trunked System Information)",
    "systemID": "5923",
    "state": "Wyoming",
    "sites": [
      {
        "frequencies": [
          {
            "control": false,
            "frequency": 935.4
          },
          {
            "control": false,
            "frequency": 935.425
          },
          {
            "control": false,
            "frequency": 935.9
          },
          {
            "control": false,
            "frequency": 935.95
          },
          {
            "control": "ALTERNATE",
            "frequency": 936
          },
          {
            "control": "ALTERNATE",
            "frequency": 936.925
          },
          {
            "control": "ALTERNATE",
            "frequency": 936.95
          },
          {
            "control": "PRIMARY",
            "frequency": 937
          }
        ],
        "siteCounty": {},
        "site": {
          "systemName": "Solvay Minerals Inc",
          "systemLocation": "Green River, Wyoming",
          "siteNumber": "Decimal: 001 / Hex: 1",
          "siteUniqueDBID": "13590",
          "siteDescription": "Primary",
          "siteCountyLocation": "Sweetwater",
          "siteNeighbors": "N/A",
          "siteLocation": "29 km SSW of Green River",
          "siteModulation": "Analog",
          "siteNotes": "None",
          "latitude": "N 41.49997",
          "longitude": "W -109.75069",
          "range": {
            "distance": 20,
            "units": "miles"
          },
          "siteConnectTone": "None"
        },
        "siteLink": "/apps/db/?siteId=13590",
        "siteName": "Primary",
        "siteID": 13590
      }
    ],
    "talkgroups": {
      "All": [
        {
          "decimal": "16",
          "mode": "ANALOG",
          "description": "Test",
          "tag": "Business",
          "group": "All"
        }
      ]
    },
    "url": "https://www.radioreference.com/apps/db/?sid=5923&opt=all_tg",
    "uniqueIdentifier": "s-5923&opt=all_tg"
  },
  {
    "systemName": "Solvay Minerals Inc",
    "location": "Green River, WY",
    "county": "Sweetwater",
    "systemType": "Motorola Type II Smartnet",
    "systemVoice": "Analog",
    "lastUpdated": "July 20, 2018, 7:33 am (Updated General Trunked System Information)",
    "systemID": "5923",
    "state": "Wyoming",
    "sites": [
      {
        "frequencies": [
          {
            "control": false,
            "frequency": 935.4
          },
          {
            "control": false,
            "frequency": 935.425
          },
          {
            "control": false,
            "frequency": 935.9
          },
          {
            "control": false,
            "frequency": 935.95
          },
          {
            "control": "ALTERNATE",
            "frequency": 936
          },
          {
            "control": "ALTERNATE",
            "frequency": 936.925
          },
          {
            "control": "ALTERNATE",
            "frequency": 936.95
          },
          {
            "control": "PRIMARY",
            "frequency": 937
          }
        ],
        "siteCounty": {},
        "site": {
          "systemName": "Solvay Minerals Inc",
          "systemLocation": "Green River, Wyoming",
          "siteNumber": "Decimal: 001 / Hex: 1",
          "siteUniqueDBID": "13590",
          "siteDescription": "Primary",
          "siteCountyLocation": "Sweetwater",
          "siteNeighbors": "N/A",
          "siteLocation": "29 km SSW of Green River",
          "siteModulation": "Analog",
          "siteNotes": "None",
          "latitude": "N 41.49997",
          "longitude": "W -109.75069",
          "range": {
            "distance": 20,
            "units": "miles"
          },
          "siteConnectTone": "None"
        },
        "siteLink": "/apps/db/?siteId=13590",
        "siteName": "Primary",
        "siteID": 13590
      }
    ],
    "talkgroups": {
      "All": [
        {
          "decimal": "16",
          "mode": "ANALOG",
          "description": "Test",
          "tag": "Business",
          "group": "All"
        }
      ]
    },
    "url": "https://www.radioreference.com/apps/db/?sid=5923&opt=all_tg",
    "uniqueIdentifier": "s-5923&opt=all_tg"
  },
  {
    "systemName": "HollyFrontier Refinery",
    "location": "Cheyenne, WY",
    "county": "Laramie",
    "systemType": "DMR Motorola Capacity Plus Single Site (TRBO)",
    "systemVoice": "DMR",
    "lastUpdated": "May 22, 2019, 9:33 am (Changed Site # 001 (HollyFrontier Refinery) to 001 (HollyFrontier Refinery))",
    "systemID": "9311",
    "state": "Wyoming",
    "sites": [
      {
        "frequencies": [
          {
            "control": false,
            "frequency": 461.4
          },
          {
            "control": false,
            "frequency": 461.875
          },
          {
            "control": false,
            "frequency": 462.2
          },
          {
            "control": false,
            "frequency": 463.2
          },
          {
            "control": false,
            "frequency": 463.55
          },
          {
            "control": false,
            "frequency": 463.95
          },
          {
            "control": false,
            "frequency": 464.7125
          }
        ],
        "siteCounty": {},
        "site": {
          "systemName": "HollyFrontier Refinery",
          "systemLocation": "Cheyenne, Wyoming",
          "siteNumber": "Decimal: 001 / Hex: 1",
          "siteUniqueDBID": "29536",
          "siteDescription": "HollyFrontier Refinery",
          "siteCountyLocation": "Laramie",
          "siteNeighbors": "N/A",
          "siteLocation": "00 East 5th Street",
          "siteModulation": "DMR",
          "siteNotes": "None",
          "latitude": "N 41.12944",
          "longitude": "W -104.78833",
          "range": {
            "distance": 1,
            "units": "miles"
          }
        },
        "siteLink": "/apps/db/?siteId=29536",
        "siteName": "HollyFrontier Refinery",
        "siteID": 29536
      }
    ],
    "talkgroups": {
      "Refinery Operations": [
        {
          "decimal": "1",
          "mode": "TDMA",
          "description": "Operations 1",
          "tag": "Business",
          "group": "Refinery Operations"
        },
        {
          "decimal": "2",
          "mode": "TDMA",
          "description": "Operations 2",
          "tag": "Business",
          "group": "Refinery Operations"
        },
        {
          "decimal": "3",
          "mode": "TDMA",
          "description": "Operations 3",
          "tag": "Business",
          "group": "Refinery Operations"
        },
        {
          "decimal": "4",
          "mode": "TDMA",
          "description": "Operations 4",
          "tag": "Business",
          "group": "Refinery Operations"
        },
        {
          "decimal": "5",
          "mode": "TDMA",
          "description": "Operations 5",
          "tag": "Business",
          "group": "Refinery Operations"
        },
        {
          "decimal": "6",
          "mode": "TDMA",
          "description": "Operations 6",
          "tag": "Business",
          "group": "Refinery Operations"
        },
        {
          "decimal": "7",
          "mode": "TDMA",
          "description": "Operations 7",
          "tag": "Business",
          "group": "Refinery Operations"
        },
        {
          "decimal": "8",
          "mode": "TDMA",
          "description": "Operations 8",
          "tag": "Business",
          "group": "Refinery Operations"
        },
        {
          "decimal": "9",
          "mode": "TDMA",
          "description": "Operations 9",
          "tag": "Business",
          "group": "Refinery Operations"
        },
        {
          "decimal": "10",
          "mode": "TDMA",
          "description": "Warehouse",
          "tag": "Business",
          "group": "Refinery Operations"
        },
        {
          "decimal": "11",
          "mode": "TDMA",
          "description": "Operations 11",
          "tag": "Business",
          "group": "Refinery Operations"
        },
        {
          "decimal": "12",
          "mode": "TDMA",
          "description": "Operations 12",
          "tag": "Business",
          "group": "Refinery Operations"
        },
        {
          "decimal": "13",
          "mode": "TDMA",
          "description": "Operations 13",
          "tag": "Business",
          "group": "Refinery Operations"
        },
        {
          "decimal": "14",
          "mode": "TDMA",
          "description": "Operations 14",
          "tag": "Business",
          "group": "Refinery Operations"
        },
        {
          "decimal": "15",
          "mode": "TDMA",
          "description": "Operations 15",
          "tag": "Business",
          "group": "Refinery Operations"
        },
        {
          "decimal": "16",
          "mode": "TDMA",
          "description": "Operations 16",
          "tag": "Business",
          "group": "Refinery Operations"
        },
        {
          "decimal": "17",
          "mode": "TDMA",
          "description": "Operations 17",
          "tag": "Business",
          "group": "Refinery Operations"
        },
        {
          "decimal": "18",
          "mode": "TDMA",
          "description": "Operations 18",
          "tag": "Business",
          "group": "Refinery Operations"
        },
        {
          "decimal": "19",
          "mode": "TDMA",
          "description": "Operations 19",
          "tag": "Business",
          "group": "Refinery Operations"
        },
        {
          "decimal": "21",
          "mode": "TDMA",
          "description": "Operations 21",
          "tag": "Business",
          "group": "Refinery Operations"
        },
        {
          "decimal": "23",
          "mode": "TDMA",
          "description": "Operations 23",
          "tag": "Business",
          "group": "Refinery Operations"
        },
        {
          "decimal": "27",
          "mode": "TDMA",
          "description": "Operations 27",
          "tag": "Business",
          "group": "Refinery Operations"
        },
        {
          "decimal": "28",
          "mode": "TDMA",
          "description": "Operations 28",
          "tag": "Business",
          "group": "Refinery Operations"
        },
        {
          "decimal": "32",
          "mode": "TDMA",
          "description": "Operations 32",
          "tag": "Business",
          "group": "Refinery Operations"
        },
        {
          "decimal": "35",
          "mode": "TDMA",
          "description": "Plant Safety/Medical",
          "tag": "Business",
          "group": "Refinery Operations"
        },
        {
          "decimal": "37",
          "mode": "TDMA",
          "description": "Operations 37",
          "tag": "Business",
          "group": "Refinery Operations"
        },
        {
          "decimal": "254",
          "mode": "TDMA",
          "description": "Security / Weather Warning / All Call",
          "tag": "Business",
          "group": "Refinery Operations"
        }
      ]
    },
    "url": "https://www.radioreference.com/apps/db/?sid=9311&opt=all_tg",
    "uniqueIdentifier": "s-9311&opt=all_tg"
  }
]