[
  {
    "county": "Statewide",
    "lastUpdated": "May 15, 2018, 9:37 pm (Updated General Trunked System Information)",
    "location": "Varies, NH",
    "sites": [
      {
        "frequencies": [
          {
            "control": "PRIMARY",
            "frequency": 453.1625
          },
          {
            "control": "ALTERNATE",
            "frequency": 453.425
          },
          {
            "control": false,
            "frequency": 453.8125
          }
        ],
        "site": {
          "systemName": "New Hampshire Department of Natural and Cultural Resources",
          "siteUniqueDBID": "32135",
          "siteDescription": "Hampton Beach",
          "siteCountyLocation": "Rockingham",
          "siteNeighbors": "N/A",
          "siteLocation": "180 Ocean Boulevard",
          "siteModulation": "DMR Digital",
          "siteNotes": "None",
          "range": {
            "distance": 22,
            "units": "miles"
          }
        },
        "siteCounty": {
          "link": "/apps/db/?ctid=1768",
          "name": "Rockingham"
        },
        "siteID": 32135,
        "siteLink": "/apps/db/?siteId=32135",
        "siteName": "Hampton Beach"
      },
      {
        "frequencies": [
          {
            "control": "PRIMARY",
            "frequency": 453.5875
          },
          {
            "control": "ALTERNATE",
            "frequency": 453.9
          }
        ],
        "site": {
          "systemName": "New Hampshire Department of Natural and Cultural Resources",
          "siteUniqueDBID": "32136",
          "siteDescription": "North Hampton",
          "siteCountyLocation": "Rockingham",
          "siteNeighbors": "N/A",
          "siteLocation": "27 Ocean Boulevard",
          "siteModulation": "DMR Digital",
          "siteNotes": "None",
          "range": {
            "distance": 22,
            "units": "miles"
          }
        },
        "siteCounty": {
          "link": "/apps/db/?ctid=1768",
          "name": "Rockingham"
        },
        "siteID": 32136,
        "siteLink": "/apps/db/?siteId=32136",
        "siteName": "North Hampton"
      },
      {
        "frequencies": [
          {
            "control": "PRIMARY",
            "frequency": 453.125
          },
          {
            "control": "ALTERNATE",
            "frequency": 453.65
          }
        ],
        "site": {
          "systemName": "New Hampshire Department of Natural and Cultural Resources",
          "siteUniqueDBID": "32137",
          "siteDescription": "Wallis Sands",
          "siteCountyLocation": "Rockingham",
          "siteNeighbors": "N/A",
          "siteLocation": "1050 Ocean Boulevard",
          "siteModulation": "DMR Digital",
          "siteNotes": "Located near Rye, NH.",
          "range": {
            "distance": 22,
            "units": "miles"
          }
        },
        "siteCounty": {
          "link": "/apps/db/?ctid=1768",
          "name": "Rockingham"
        },
        "siteID": 32137,
        "siteLink": "/apps/db/?siteId=32137",
        "siteName": "Wallis Sands"
      }
    ],
    "state": "New Hampshire",
    "systemID": "9994",
    "systemName": "New Hampshire Department of Natural and Cultural Resources",
    "systemType": "DMR Tier 3",
    "systemVoice": "DMR",
    "uniqueIdentifier": "s-9994&opt=all_tg",
    "url": "https://www.radioreference.com/apps/db/?sid=9994&opt=all_tg",
    "talkgroups": {
      "Departmental Operations": [
        {
          "decimal": "101",
          "description": "Statewide",
          "group": "Departmental Operations",
          "mode": "TDMA",
          "tag": "Law Talk"
        },
        {
          "decimal": "102",
          "description": "Seacoast",
          "group": "Departmental Operations",
          "mode": "TDMA",
          "tag": "Law Talk"
        },
        {
          "decimal": "103",
          "description": "Lifeguards",
          "group": "Departmental Operations",
          "mode": "TDMA",
          "tag": "Law Talk"
        },
        {
          "decimal": "104",
          "description": "Lifeguard Tac 1",
          "group": "Departmental Operations",
          "mode": "TDMA",
          "tag": "Law Talk"
        },
        {
          "decimal": "105",
          "description": "Lifeguard Tac 2",
          "group": "Departmental Operations",
          "mode": "TDMA",
          "tag": "Law Talk"
        },
        {
          "decimal": "106",
          "description": "Lifeguard Tac 3",
          "group": "Departmental Operations",
          "mode": "TDMA",
          "tag": "Law Talk"
        },
        {
          "decimal": "107",
          "description": "Park Patrol",
          "group": "Departmental Operations",
          "mode": "TDMA",
          "tag": "Law Talk"
        },
        {
          "decimal": "108",
          "description": "Maintenance",
          "group": "Departmental Operations",
          "mode": "TDMA",
          "tag": "Law Talk"
        },
        {
          "decimal": "109",
          "description": "HB RV Park",
          "group": "Departmental Operations",
          "mode": "TDMA",
          "tag": "Law Talk"
        },
        {
          "decimal": "110",
          "description": "Wallis Sands",
          "group": "Departmental Operations",
          "mode": "TDMA",
          "tag": "Law Talk"
        },
        {
          "decimal": "111",
          "description": "Wallis 2",
          "group": "Departmental Operations",
          "mode": "TDMA",
          "tag": "Law Talk"
        },
        {
          "decimal": "112",
          "description": "Odiorne",
          "group": "Departmental Operations",
          "mode": "TDMA",
          "tag": "Law Talk"
        },
        {
          "decimal": "113",
          "description": "Seacoast Science Center",
          "group": "Departmental Operations",
          "mode": "TDMA",
          "tag": "Law Talk"
        },
        {
          "decimal": "114",
          "description": "Event 1",
          "group": "Departmental Operations",
          "mode": "TDMA",
          "tag": "Law Talk"
        },
        {
          "decimal": "115",
          "description": "Event 2",
          "group": "Departmental Operations",
          "mode": "TDMA",
          "tag": "Law Talk"
        },
        {
          "decimal": "116",
          "description": "Event 3",
          "group": "Departmental Operations",
          "mode": "TDMA",
          "tag": "Law Talk"
        },
        {
          "decimal": "117",
          "description": "Urban Forestry",
          "group": "Departmental Operations",
          "mode": "TDMA",
          "tag": "Law Talk"
        },
        {
          "decimal": "118",
          "description": "EMERGENCY",
          "group": "Departmental Operations",
          "mode": "TDMA",
          "tag": "Law Talk"
        },
        {
          "decimal": "119",
          "description": "INTEROP",
          "group": "Departmental Operations",
          "mode": "TDMA",
          "tag": "Law Talk"
        },
        {
          "decimal": "120",
          "description": "Radio Techs/Testing",
          "group": "Departmental Operations",
          "mode": "TDMA",
          "tag": "Law Talk"
        }
      ]
    }
  },
  {
    "county": "Hillsborough",
    "lastUpdated": "September 7, 2018, 12:13 pm ((2) Talkgroups Updated (Police))",
    "location": "Nashua, NH",
    "sites": [
      {
        "frequencies": [
          {
            "control": false,
            "frequency": 851.05
          },
          {
            "control": "ALTERNATE",
            "frequency": 853.45
          },
          {
            "control": false,
            "frequency": 851.6
          },
          {
            "control": false,
            "frequency": 853.5125
          },
          {
            "control": false,
            "frequency": 851.775
          },
          {
            "control": false,
            "frequency": 851.975
          },
          {
            "control": false,
            "frequency": 852.3625
          },
          {
            "control": "PRIMARY",
            "frequency": 852.55
          },
          {
            "control": "ALTERNATE",
            "frequency": 852.75
          },
          {
            "control": "ALTERNATE",
            "frequency": 853.2625
          }
        ],
        "site": {
          "systemName": "City of Nashua",
          "siteUniqueDBID": "26479",
          "siteDescription": "Nashua",
          "siteCountyLocation": "Hillsborough",
          "siteNeighbors": "N/A",
          "siteLocation": "N/A",
          "siteModulation": "N/A",
          "siteNotes": "None",
          "range": {
            "distance": 6,
            "units": "miles"
          },
          "siteNac": "5C2"
        },
        "siteCounty": {},
        "siteID": 26479,
        "siteLink": "/apps/db/?siteId=26479",
        "siteName": "Nashua"
      }
    ],
    "state": "New Hampshire",
    "systemID": "8537",
    "systemName": "City of Nashua",
    "systemType": "Project 25 Phase I",
    "systemVoice": "APCO-25 Common Air Interface Exclusive",
    "uniqueIdentifier": "s-8537&opt=all_tg",
    "url": "https://www.radioreference.com/apps/db/?sid=8537&opt=all_tg",
    "talkgroups": {
      "Citywide": [
        {
          "decimal": "201",
          "description": "Citywide 03",
          "group": "Citywide",
          "mode": "DIGITAL",
          "tag": "Interop"
        },
        {
          "decimal": "203",
          "description": "Citywide 04",
          "group": "Citywide",
          "mode": "DIGITAL",
          "tag": "Interop"
        },
        {
          "decimal": "205",
          "description": "Citywide 05",
          "group": "Citywide",
          "mode": "DIGITAL",
          "tag": "Interop"
        }
      ],
      "Fire": [
        {
          "decimal": "2043",
          "description": "FD Channel 14",
          "group": "Fire",
          "mode": "DIGITAL",
          "tag": "Fire-Talk"
        },
        {
          "decimal": "2049",
          "description": "Fire Dispatch",
          "group": "Fire",
          "mode": "DIGITAL",
          "tag": "Fire Dispatch"
        },
        {
          "decimal": "2051",
          "description": "FG Channel 2",
          "group": "Fire",
          "mode": "DIGITAL",
          "tag": "Fire-Tac"
        },
        {
          "decimal": "2053",
          "description": "FG Channel 3",
          "group": "Fire",
          "mode": "DIGITAL",
          "tag": "Fire-Tac"
        },
        {
          "decimal": "2055",
          "description": "FG Channel 4",
          "group": "Fire",
          "mode": "DIGITAL",
          "tag": "Fire-Tac"
        },
        {
          "decimal": "2057",
          "description": "FG Channel 5",
          "group": "Fire",
          "mode": "DIGITAL",
          "tag": "Fire-Tac"
        },
        {
          "decimal": "2061",
          "description": "EMS Tac 6",
          "group": "Fire",
          "mode": "DIGITAL",
          "tag": "EMS-Tac"
        },
        {
          "decimal": "2063",
          "description": "FD Channel 13 (Specialists)",
          "group": "Fire",
          "mode": "DIGITAL",
          "tag": "Fire-Talk"
        },
        {
          "decimal": "2073",
          "description": "Fire Channel 10",
          "group": "Fire",
          "mode": "DIGITAL",
          "tag": "Fire-Talk"
        },
        {
          "decimal": "2075",
          "description": "FD Channel 11",
          "group": "Fire",
          "mode": "DIGITAL",
          "tag": "Fire-Talk"
        },
        {
          "decimal": "2077",
          "description": "FD Channel 12",
          "group": "Fire",
          "mode": "DIGITAL",
          "tag": "Fire-Talk"
        },
        {
          "decimal": "2079",
          "description": "EMS Tac 7",
          "group": "Fire",
          "mode": "DIGITAL",
          "tag": "EMS-Tac"
        },
        {
          "decimal": "2081",
          "description": "EMS DIspatch",
          "group": "Fire",
          "mode": "DIGITAL",
          "tag": "EMS Dispatch"
        },
        {
          "decimal": "2083",
          "description": "FD Channel 9",
          "group": "Fire",
          "mode": "DIGITAL",
          "tag": "Fire-Talk"
        }
      ],
      "Public Safety": [
        {
          "decimal": "2101",
          "description": "Public Safety 1",
          "group": "Public Safety",
          "mode": "DIGITAL",
          "tag": "Emergency Ops"
        },
        {
          "decimal": "2103",
          "description": "Public Safety 2",
          "group": "Public Safety",
          "mode": "DIGITAL",
          "tag": "Emergency Ops"
        },
        {
          "decimal": "2105",
          "description": "Public Safety 3",
          "group": "Public Safety",
          "mode": "DIGITAL",
          "tag": "Emergency Ops"
        },
        {
          "decimal": "2107",
          "description": "Public Safety 4",
          "group": "Public Safety",
          "mode": "DIGITAL",
          "tag": "Emergency Ops"
        },
        {
          "decimal": "2109",
          "description": "Public Safety 5",
          "group": "Public Safety",
          "mode": "DIGITAL",
          "tag": "Emergency Ops"
        }
      ],
      "Police": [
        {
          "decimal": "3073",
          "description": "Police Tac 1",
          "group": "Police",
          "mode": "DIGITAL",
          "tag": "Law Dispatch"
        },
        {
          "decimal": "3075",
          "description": "Police Tac 2",
          "group": "Police",
          "mode": "DIGITAL",
          "tag": "Law Dispatch"
        },
        {
          "decimal": "3077",
          "description": "Police Tac 3",
          "group": "Police",
          "mode": "DIGITAL",
          "tag": "Law Tac"
        },
        {
          "decimal": "3081",
          "description": "Police Tac 4",
          "group": "Police",
          "mode": "DIGITAL",
          "tag": "Law Tac"
        },
        {
          "decimal": "3083",
          "description": "Police Tac 5",
          "group": "Police",
          "mode": "DIGITAL",
          "tag": "Law Tac"
        }
      ]
    }
  },
  {
    "county": "Hillsborough",
    "lastUpdated": "March 1, 2016, 6:09 pm (Changed Site # 001 (Confirmed LCN) to 001 (Confirmed LCN))",
    "location": "Hudson, NH",
    "sites": [
      {
        "frequencies": [
          {
            "control": false,
            "frequency": 484.1625
          },
          {
            "control": false,
            "frequency": 484.5625
          },
          {
            "control": false,
            "frequency": 483.8875
          },
          {
            "control": false,
            "frequency": 471.9875
          }
        ],
        "site": {
          "systemName": "Dispatch Communications (Hudson)",
          "siteUniqueDBID": "8025",
          "siteDescription": "Confirmed LCN",
          "siteCountyLocation": "Hillsborough",
          "siteNeighbors": "N/A",
          "siteLocation": "N/A",
          "siteModulation": "N/A",
          "siteNotes": "Also WIM282",
          "range": {
            "distance": 28,
            "units": "miles"
          }
        },
        "siteCounty": {},
        "siteID": 8025,
        "siteLink": "/apps/db/?siteId=8025",
        "siteName": "Confirmed LCN"
      }
    ],
    "state": "New Hampshire",
    "systemID": "4199",
    "systemName": "Dispatch Communications (Hudson)",
    "systemType": "LTR Standard",
    "systemVoice": "Analog",
    "uniqueIdentifier": "s-4199&opt=all_tg",
    "url": "https://www.radioreference.com/apps/db/?sid=4199&opt=all_tg",
    "talkgroups": {
      "All": [
        {
          "decimal": "0-01-011",
          "description": "Trinity EMS (Hudson) Ambulance",
          "group": "All",
          "mode": "ANALOG",
          "tag": "EMS Dispatch"
        },
        {
          "decimal": "0-01-017",
          "description": "Trinity EMS (Hudson) Chair Cars",
          "group": "All",
          "mode": "ANALOG",
          "tag": "Transportation"
        },
        {
          "decimal": "0-01-021",
          "description": "SP&R Transportation Lowell Special Education Buses",
          "group": "All",
          "mode": "ANALOG",
          "tag": "Transportation"
        },
        {
          "decimal": "0-01-151",
          "description": "Pridestar EMS",
          "group": "All",
          "mode": "ANALOG",
          "tag": "EMS Dispatch"
        }
      ]
    }
  },
  {
    "county": "Strafford",
    "lastUpdated": "May 5, 2018, 10:48 am (Updated General Trunked System Information)",
    "location": "Rochester, NH",
    "sites": [
      {
        "frequencies": [
          {
            "control": "PRIMARY",
            "frequency": 463.375
          }
        ],
        "site": {
          "systemName": "2 Way Communications Service",
          "siteUniqueDBID": "31327",
          "siteDescription": "Blue Job Mountain",
          "siteCountyLocation": "Strafford",
          "siteNeighbors": "N/A",
          "siteLocation": "N/A",
          "siteModulation": "N/A",
          "siteNotes": "None",
          "range": {
            "distance": 5,
            "units": "miles"
          }
        },
        "siteCounty": {},
        "siteID": 31327,
        "siteLink": "/apps/db/?siteId=31327",
        "siteName": "Blue Job Mountain"
      }
    ],
    "state": "New Hampshire",
    "systemID": "9795",
    "systemName": "2 Way Communications Service",
    "systemType": "DMR Motorola Capacity Plus Single Site (TRBO)",
    "systemVoice": "DMR",
    "uniqueIdentifier": "s-9795&opt=all_tg",
    "url": "https://www.radioreference.com/apps/db/?sid=9795&opt=all_tg"
  },
  {
    "county": "Merrimack",
    "lastUpdated": "December 2, 2011, 11:44 am (Updated Talkgroups (2 Updated))",
    "location": "Pembroke, NH",
    "sites": [
      {
        "frequencies": [
          {
            "control": false,
            "frequency": 451.6625
          },
          {
            "control": false,
            "frequency": 452.1375
          }
        ],
        "site": {
          "systemName": "William Quimby",
          "siteUniqueDBID": "9761",
          "siteDescription": "Confirmed LCN",
          "siteCountyLocation": "Merrimack",
          "siteNeighbors": "N/A",
          "siteLocation": "N/A",
          "siteModulation": "N/A",
          "siteNotes": "None",
          "range": {
            "distance": 26,
            "units": "miles"
          }
        },
        "siteCounty": {},
        "siteID": 9761,
        "siteLink": "/apps/db/?siteId=9761",
        "siteName": "Confirmed LCN"
      },
      {
        "frequencies": [
          {
            "control": false,
            "frequency": 463.9125
          }
        ],
        "site": {
          "systemName": "William Quimby",
          "siteUniqueDBID": "9762",
          "siteDescription": "Unconfirmed LCN",
          "siteCountyLocation": "Merrimack",
          "siteNeighbors": "N/A",
          "siteLocation": "N/A",
          "siteModulation": "N/A",
          "siteNotes": "None",
          "range": {
            "distance": 26,
            "units": "miles"
          }
        },
        "siteCounty": {},
        "siteID": 9762,
        "siteLink": "/apps/db/?siteId=9762",
        "siteName": "Unconfirmed LCN"
      }
    ],
    "state": "New Hampshire",
    "systemID": "4818",
    "systemName": "William Quimby",
    "systemType": "LTR Standard",
    "systemVoice": "Analog",
    "uniqueIdentifier": "s-4818&opt=all_tg",
    "url": "https://www.radioreference.com/apps/db/?sid=4818&opt=all_tg",
    "talkgroups": {
      "All": [
        {
          "decimal": "1-01-050",
          "description": "Irving Oil Repair",
          "group": "All",
          "mode": "ANALOG",
          "tag": "Business"
        },
        {
          "decimal": "1-01-051",
          "description": "Irving Oil Repair",
          "group": "All",
          "mode": "ANALOG",
          "tag": "Business"
        }
      ]
    }
  },
  {
    "county": "Rockingham",
    "lastUpdated": "February 8, 2004, 5:17 pm (Updated General System Info)",
    "location": "Seabrook, NH",
    "sites": [
      {
        "frequencies": [
          {
            "control": false,
            "frequency": 451.025
          },
          {
            "control": false,
            "frequency": 451.075
          },
          {
            "control": "PRIMARY",
            "frequency": 451.1
          },
          {
            "control": false,
            "frequency": 451.125
          },
          {
            "control": false,
            "frequency": 461.25
          }
        ],
        "site": {
          "systemName": "Seabrook Nuclear Power Plant",
          "siteUniqueDBID": "5183",
          "siteDescription": "Primary",
          "siteCountyLocation": "None Specified",
          "siteNeighbors": "N/A",
          "siteLocation": "N/A",
          "siteModulation": "N/A",
          "siteNotes": "None",
          "range": {
            "distance": 22,
            "units": "miles"
          },
          "siteConnectTone": "None",
          "siteNac": "N/A"
        },
        "siteCounty": {},
        "siteID": 5183,
        "siteLink": "/apps/db/?siteId=5183",
        "siteName": "Primary"
      }
    ],
    "state": "New Hampshire",
    "systemID": "3233",
    "systemName": "Seabrook Nuclear Power Plant",
    "systemType": "Motorola Type II SmartZone",
    "systemVoice": "Analog and APCO-25 Common Air Interface",
    "uniqueIdentifier": "s-3233&opt=all_tg",
    "url": "https://www.radioreference.com/apps/db/?sid=3233&opt=all_tg"
  },
  {
    "county": "Merrimack",
    "lastUpdated": "December 2, 2011, 11:43 am (Updated Talkgroups (1 Updated))",
    "location": "Epsom, NH",
    "sites": [
      {
        "frequencies": [
          {
            "control": false,
            "frequency": 935.1375
          },
          {
            "control": false,
            "frequency": 938.0625
          },
          {
            "control": "PRIMARY",
            "frequency": 938.0875
          },
          {
            "control": "PRIMARY",
            "frequency": 938.1
          },
          {
            "control": "PRIMARY",
            "frequency": 938.125
          },
          {
            "control": "PRIMARY",
            "frequency": 938.1125
          }
        ],
        "site": {
          "systemName": "Industrial Communications and Electronics (Epsom)",
          "siteUniqueDBID": "9540",
          "siteDescription": "Site-1",
          "siteCountyLocation": "Merrimack",
          "siteNeighbors": "N/A",
          "siteLocation": "N/A",
          "siteModulation": "N/A",
          "siteNotes": "None",
          "range": {
            "distance": 26,
            "units": "miles"
          },
          "siteConnectTone": "None"
        },
        "siteCounty": {},
        "siteID": 9540,
        "siteLink": "/apps/db/?siteId=9540",
        "siteName": "Site-1"
      }
    ],
    "state": "New Hampshire",
    "systemID": "4713",
    "systemName": "Industrial Communications and Electronics (Epsom)",
    "systemType": "Motorola Type II",
    "systemVoice": "Analog",
    "uniqueIdentifier": "s-4713&opt=all_tg",
    "url": "https://www.radioreference.com/apps/db/?sid=4713&opt=all_tg",
    "talkgroups": {
      "All": [
        {
          "decimal": "304",
          "description": "Main Street Taxi (Concord)",
          "group": "All",
          "mode": "ANALOG",
          "tag": "Transportation"
        },
        {
          "decimal": "688",
          "description": "Dail Transportation (Epsom School District Buses)",
          "group": "All",
          "mode": "ANALOG",
          "tag": "Schools"
        },
        {
          "decimal": "704",
          "description": "Pembroke School District Buses",
          "group": "All",
          "mode": "ANALOG",
          "tag": "Schools"
        },
        {
          "decimal": "784",
          "description": "Sand/Gravel Company",
          "group": "All",
          "mode": "ANALOG",
          "tag": "Business"
        },
        {
          "decimal": "1200",
          "description": "Care-Plus Ambulance Seacoast Chair-Cars",
          "group": "All",
          "mode": "ANALOG",
          "tag": "Business"
        }
      ]
    }
  },
  {
    "county": "Rockingham",
    "lastUpdated": "September 8, 2015, 6:19 pm (Added Talkgroup 320 Barrington Bus LIne)",
    "location": "Portsmouth, NH",
    "sites": [
      {
        "frequencies": [
          {
            "control": false,
            "frequency": 937.6875
          },
          {
            "control": false,
            "frequency": 938.575
          },
          {
            "control": false,
            "frequency": 936.65
          },
          {
            "control": false,
            "frequency": 938.5625
          },
          {
            "control": false,
            "frequency": 938.6125
          },
          {
            "control": false,
            "frequency": 938.587
          },
          {
            "control": "PRIMARY",
            "frequency": 938.6
          }
        ],
        "site": {
          "systemName": "Industrial Communications and Electronics (Farmington)",
          "siteUniqueDBID": "7638",
          "siteDescription": "Farmington",
          "siteCountyLocation": "Rockingham",
          "siteNeighbors": "N/A",
          "siteLocation": "N/A",
          "siteModulation": "N/A",
          "siteNotes": "None",
          "range": {
            "distance": 22,
            "units": "miles"
          },
          "siteConnectTone": "None"
        },
        "siteCounty": {},
        "siteID": 7638,
        "siteLink": "/apps/db/?siteId=7638",
        "siteName": "Farmington"
      }
    ],
    "state": "New Hampshire",
    "systemID": "4073",
    "systemName": "Industrial Communications and Electronics (Farmington)",
    "systemType": "Motorola Type II",
    "systemVoice": "Analog",
    "uniqueIdentifier": "s-4073&opt=all_tg",
    "url": "https://www.radioreference.com/apps/db/?sid=4073&opt=all_tg",
    "talkgroups": {
      "Talkgroups": [
        {
          "decimal": "320",
          "description": "Barrington Bus LIne",
          "group": "Talkgroups",
          "mode": "ANALOG",
          "tag": "Transportation"
        }
      ]
    }
  },
  {
    "county": "Hillsborough",
    "lastUpdated": "October 8, 2018, 9:39 pm (Changed Site # 001 (Manchester) to 001 (Manchester))",
    "location": "Manchester, NH",
    "sites": [
      {
        "frequencies": [
          {
            "control": false,
            "frequency": 854.0625
          },
          {
            "control": "ALTERNATE",
            "frequency": 858.2125
          },
          {
            "control": false,
            "frequency": 854.9875
          },
          {
            "control": "ALTERNATE",
            "frequency": 858.4875
          },
          {
            "control": false,
            "frequency": 856.2125
          },
          {
            "control": "PRIMARY",
            "frequency": 859.4875
          },
          {
            "control": false,
            "frequency": 856.4875
          },
          {
            "control": false,
            "frequency": 856.7625
          },
          {
            "control": false,
            "frequency": 857.2375
          },
          {
            "control": false,
            "frequency": 857.4875
          },
          {
            "control": "ALTERNATE",
            "frequency": 857.9375
          }
        ],
        "site": {
          "systemName": "City of Manchester",
          "siteUniqueDBID": "27803",
          "siteDescription": "Manchester",
          "siteCountyLocation": "Hillsborough",
          "siteNeighbors": "N/A",
          "siteLocation": "N/A",
          "siteModulation": "N/A",
          "siteNotes": "None",
          "range": {
            "distance": 8,
            "units": "miles"
          },
          "siteNac": "8A1"
        },
        "siteCounty": {},
        "siteID": 27803,
        "siteLink": "/apps/db/?siteId=27803",
        "siteName": "Manchester"
      }
    ],
    "state": "New Hampshire",
    "systemID": "8690",
    "systemName": "City of Manchester",
    "systemType": "Project 25 Phase I",
    "systemVoice": "APCO-25 Common Air Interface Exclusive",
    "uniqueIdentifier": "s-8690&opt=all_tg",
    "url": "https://www.radioreference.com/apps/db/?sid=8690&opt=all_tg",
    "talkgroups": {
      "Fire": [
        {
          "decimal": "10003",
          "description": "Fire Dispatch",
          "group": "Fire",
          "mode": "DIGITAL",
          "tag": "Fire Dispatch"
        },
        {
          "decimal": "10005",
          "description": "Fire Tac 2",
          "group": "Fire",
          "mode": "DIGITAL",
          "tag": "Fire-Tac"
        },
        {
          "decimal": "10007",
          "description": "Fire Tac 3",
          "group": "Fire",
          "mode": "DIGITAL",
          "tag": "Fire-Tac"
        },
        {
          "decimal": "10009",
          "description": "Fire Tac 4",
          "group": "Fire",
          "mode": "DIGITAL",
          "tag": "Fire-Tac"
        },
        {
          "decimal": "10011",
          "description": "Fire Tac 5",
          "group": "Fire",
          "mode": "DIGITAL",
          "tag": "Fire-Tac"
        },
        {
          "decimal": "10013",
          "description": "Fire Tac 6",
          "group": "Fire",
          "mode": "DIGITAL",
          "tag": "Fire-Tac"
        },
        {
          "decimal": "10015",
          "description": "Fire Tac 7",
          "group": "Fire",
          "mode": "DIGITAL",
          "tag": "Fire-Tac"
        },
        {
          "decimal": "10017",
          "description": "Fire Tac 8",
          "group": "Fire",
          "mode": "DIGITAL",
          "tag": "Fire-Tac"
        },
        {
          "decimal": "10019",
          "description": "Fire Tac 9",
          "group": "Fire",
          "mode": "DIGITAL",
          "tag": "Fire-Tac"
        },
        {
          "decimal": "10021",
          "description": "Comm",
          "group": "Fire",
          "mode": "DIGITAL",
          "tag": "Fire-Tac"
        },
        {
          "decimal": "10023",
          "description": "FD Detail",
          "group": "Fire",
          "mode": "DIGITAL",
          "tag": "Fire-Tac"
        },
        {
          "decimal": "10025",
          "description": "911(City Wide emergency reporting)",
          "group": "Fire",
          "mode": "DIGITAL",
          "tag": "Interop"
        },
        {
          "decimal": "10027",
          "description": "Health",
          "group": "Fire",
          "mode": "DIGITAL",
          "tag": "Emergency Ops"
        }
      ],
      "Police": [
        {
          "decimal": "11003",
          "description": "PD Dispatch",
          "group": "Police",
          "mode": "ENCRYPTED",
          "tag": "Law Dispatch"
        },
        {
          "decimal": "11005",
          "description": "PD Tac",
          "group": "Police",
          "mode": "ENCRYPTED",
          "tag": "Law Tac"
        },
        {
          "decimal": "11007",
          "description": "PD Detail",
          "group": "Police",
          "mode": "DIGITAL",
          "tag": "Law Tac"
        },
        {
          "decimal": "11017",
          "description": "PD-ENC",
          "group": "Police",
          "mode": "ENCRYPTED",
          "tag": "Law Tac"
        }
      ],
      "Public Works": [
        {
          "decimal": "12003",
          "description": "DPW Dispatch",
          "group": "Public Works",
          "mode": "DIGITAL",
          "tag": "Public Works"
        },
        {
          "decimal": "12005",
          "description": "DPW Working Channel 1",
          "group": "Public Works",
          "mode": "DIGITAL",
          "tag": "Public Works"
        },
        {
          "decimal": "12007",
          "description": "DPW Working Channel 2",
          "group": "Public Works",
          "mode": "DIGITAL",
          "tag": "Public Works"
        },
        {
          "decimal": "12009",
          "description": "DPW Working Channel 3",
          "group": "Public Works",
          "mode": "DIGITAL",
          "tag": "Public Works"
        },
        {
          "decimal": "12011",
          "description": "DPW Working Channel 4",
          "group": "Public Works",
          "mode": "DIGITAL",
          "tag": "Public Works"
        },
        {
          "decimal": "12013",
          "description": "DPW Base",
          "group": "Public Works",
          "mode": "DIGITAL",
          "tag": "Public Works"
        },
        {
          "decimal": "12015",
          "description": "Meter",
          "group": "Public Works",
          "mode": "DIGITAL",
          "tag": "Public Works"
        },
        {
          "decimal": "12017",
          "description": "DPW Base",
          "group": "Public Works",
          "mode": "DIGITAL",
          "tag": "Public Works"
        },
        {
          "decimal": "12019",
          "description": "DPW Patrol",
          "group": "Public Works",
          "mode": "DIGITAL",
          "tag": "Public Works"
        }
      ],
      "Transit": [
        {
          "decimal": "12053",
          "description": "MTA Transit",
          "group": "Transit",
          "mode": "DIGITAL",
          "tag": "Transportation"
        },
        {
          "decimal": "12055",
          "description": "MTA School Buses",
          "group": "Transit",
          "mode": "DIGITAL",
          "tag": "Schools"
        },
        {
          "decimal": "12103",
          "description": "Parking Enforcement",
          "group": "Transit",
          "mode": "DIGITAL",
          "tag": "Transportation"
        }
      ]
    }
  },
  {
    "county": "Hillsborough",
    "lastUpdated": "May 26, 2016, 8:34 am (Updated Talkgroups (1 Updated))",
    "location": "Goffstown, NH",
    "sites": [
      {
        "frequencies": [
          {
            "control": false,
            "frequency": 159.36
          },
          {
            "control": false,
            "frequency": 159.84
          },
          {
            "control": false,
            "frequency": 160.305
          },
          {
            "control": false,
            "frequency": 160.485
          },
          {
            "control": false,
            "frequency": 170.15
          }
        ],
        "site": {
          "systemName": "Goffstown Public Services System",
          "siteUniqueDBID": "23920",
          "siteDescription": "Goffstown",
          "siteCountyLocation": "Hillsborough",
          "siteNeighbors": "N/A",
          "siteLocation": "South Uncanoonuc Mountain",
          "siteModulation": "DMR Digital",
          "siteNotes": "None",
          "range": {
            "distance": 10,
            "units": "miles"
          }
        },
        "siteCounty": {},
        "siteID": 23920,
        "siteLink": "/apps/db/?siteId=23920",
        "siteName": "Goffstown"
      }
    ],
    "state": "New Hampshire",
    "systemID": "7984",
    "systemName": "Goffstown Public Services System",
    "systemType": "DMR Motorola Capacity Plus Single Site (TRBO)",
    "systemVoice": "DMR",
    "uniqueIdentifier": "s-7984&opt=all_tg",
    "url": "https://www.radioreference.com/apps/db/?sid=7984&opt=all_tg",
    "talkgroups": {
      "Public Works": [
        {
          "decimal": "100",
          "description": "Highway Department",
          "group": "Public Works",
          "mode": "TDMA",
          "tag": "Public Works"
        }
      ]
    }
  },
  {
    "county": "Hillsborough",
    "lastUpdated": "December 2, 2011, 11:44 am (Updated Talkgroups (2 Updated))",
    "location": "Hollis, NH",
    "sites": [
      {
        "frequencies": [
          {
            "control": false,
            "frequency": 461.3
          },
          {
            "control": false,
            "frequency": 461.45
          }
        ],
        "site": {
          "systemName": "Trinity EMS (Hollis)",
          "siteUniqueDBID": "8026",
          "siteDescription": "Confirmed LCN",
          "siteCountyLocation": "Middlesex",
          "siteNeighbors": "N/A",
          "siteLocation": "N/A",
          "siteModulation": "N/A",
          "siteNotes": "None",
          "range": {
            "distance": 28,
            "units": "miles"
          }
        },
        "siteCounty": {},
        "siteID": 8026,
        "siteLink": "/apps/db/?siteId=8026",
        "siteName": "Confirmed LCN"
      }
    ],
    "state": "New Hampshire",
    "systemID": "4200",
    "systemName": "Trinity EMS (Hollis)",
    "systemType": "LTR Standard",
    "systemVoice": "Analog",
    "uniqueIdentifier": "s-4200&opt=all_tg",
    "url": "https://www.radioreference.com/apps/db/?sid=4200&opt=all_tg",
    "talkgroups": {
      "All": [
        {
          "decimal": "0-01-056",
          "description": "Trinity EMS",
          "group": "All",
          "mode": "ANALOG",
          "tag": "EMS Dispatch"
        },
        {
          "decimal": "0-01-057",
          "description": "Trinity EMS",
          "group": "All",
          "mode": "ANALOG",
          "tag": "EMS Dispatch"
        }
      ]
    }
  },
  {
    "county": "Hillsborough",
    "lastUpdated": "December 2, 2011, 11:40 am (Updated Talkgroups (4 Updated))",
    "location": "Merrimack, NH",
    "sites": [
      {
        "frequencies": [
          {
            "control": false,
            "frequency": 856.3125
          },
          {
            "control": "PRIMARY",
            "frequency": 857.3125
          },
          {
            "control": false,
            "frequency": 858.3125
          },
          {
            "control": false,
            "frequency": 859.3125
          },
          {
            "control": false,
            "frequency": 859.3375
          }
        ],
        "site": {
          "systemName": "Anheuser-Busch Brewery (Merrimack)",
          "siteUniqueDBID": "3720",
          "siteDescription": "Primary",
          "siteCountyLocation": "Hillsborough",
          "siteNeighbors": "N/A",
          "siteLocation": "1000 Daniel Webster Highway",
          "siteModulation": "N/A",
          "siteNotes": "None",
          "range": {
            "distance": 28,
            "units": "miles"
          },
          "siteConnectTone": "None"
        },
        "siteCounty": {},
        "siteID": 3720,
        "siteLink": "/apps/db/?siteId=3720",
        "siteName": "Primary"
      }
    ],
    "state": "New Hampshire",
    "systemID": "3354",
    "systemName": "Anheuser-Busch Brewery (Merrimack)",
    "systemType": "Motorola Type II Smartnet",
    "systemVoice": "Analog",
    "uniqueIdentifier": "s-3354&opt=all_tg",
    "url": "https://www.radioreference.com/apps/db/?sid=3354&opt=all_tg",
    "talkgroups": {
      "All": [
        {
          "decimal": "1056",
          "description": "Operations",
          "group": "All",
          "mode": "ANALOG",
          "tag": "Business"
        },
        {
          "decimal": "1072",
          "description": "Operations",
          "group": "All",
          "mode": "ANALOG",
          "tag": "Business"
        },
        {
          "decimal": "2688",
          "description": "Grounds Maintenance",
          "group": "All",
          "mode": "ANALOG",
          "tag": "Business"
        },
        {
          "decimal": "15488",
          "description": "Manufacturing Area",
          "group": "All",
          "mode": "ANALOG",
          "tag": "Business"
        }
      ]
    }
  },
  {
    "county": "Grafton",
    "lastUpdated": "August 6, 2010, 5:12 am (Changed Site # 001 (College Hall) to 001 (College Hall))",
    "location": "Hanover, NH",
    "sites": [
      {
        "frequencies": [
          {
            "control": false,
            "frequency": 451.7875
          },
          {
            "control": false,
            "frequency": 452.05
          },
          {
            "control": false,
            "frequency": 452.4
          },
          {
            "control": false,
            "frequency": 452.675
          },
          {
            "control": false,
            "frequency": 453
          },
          {
            "control": false,
            "frequency": 461.1
          },
          {
            "control": false,
            "frequency": 464.325
          }
        ],
        "site": {
          "systemName": "Dartmouth College",
          "siteUniqueDBID": "16777",
          "siteDescription": "College Hall",
          "siteCountyLocation": "Grafton",
          "siteNeighbors": "N/A",
          "siteLocation": "College Hall, on Main Street",
          "siteModulation": "Analog: 11K2F3E",
          "siteNotes": "None",
          "range": {
            "distance": 20,
            "units": "miles"
          }
        },
        "siteCounty": {},
        "siteID": 16777,
        "siteLink": "/apps/db/?siteId=16777",
        "siteName": "College Hall"
      }
    ],
    "state": "New Hampshire",
    "systemID": "6646",
    "systemName": "Dartmouth College",
    "systemType": "LTR Standard",
    "systemVoice": "Analog",
    "uniqueIdentifier": "s-6646&opt=all_tg",
    "url": "https://www.radioreference.com/apps/db/?sid=6646&opt=all_tg"
  },
  {
    "county": "Coos",
    "lastUpdated": "October 21, 2014, 1:50 pm (Changed Site # 001 (FCI Berlin) to 001 (FCI Berlin))",
    "location": "Berlin, NH",
    "sites": [
      {
        "frequencies": [
          {
            "control": "PRIMARY",
            "frequency": 407.175
          },
          {
            "control": "ALTERNATE",
            "frequency": 408.1
          },
          {
            "control": "ALTERNATE",
            "frequency": 408.25
          },
          {
            "control": "ALTERNATE",
            "frequency": 410.2
          },
          {
            "control": false,
            "frequency": 410.525
          }
        ],
        "site": {
          "systemName": "Federal Correctional Institution Berlin",
          "siteUniqueDBID": "21644",
          "siteDescription": "FCI Berlin",
          "siteCountyLocation": "Coos",
          "siteNeighbors": "N/A",
          "siteLocation": "N/A",
          "siteModulation": "N/A",
          "siteNotes": "None",
          "range": {
            "distance": 1,
            "units": "miles"
          },
          "siteNac": "461"
        },
        "siteCounty": {},
        "siteID": 21644,
        "siteLink": "/apps/db/?siteId=21644",
        "siteName": "FCI Berlin"
      }
    ],
    "state": "New Hampshire",
    "systemID": "7587",
    "systemName": "Federal Correctional Institution Berlin",
    "systemType": "Project 25 Phase I",
    "systemVoice": "APCO-25 Common Air Interface Exclusive",
    "uniqueIdentifier": "s-7587&opt=all_tg",
    "url": "https://www.radioreference.com/apps/db/?sid=7587&opt=all_tg"
  },
  {
    "county": "Merrimack",
    "lastUpdated": "August 14, 2016, 11:47 am (Added a new news entry)",
    "location": "Concord, NH",
    "sites": [
      {
        "frequencies": [
          {
            "control": false,
            "frequency": 451.9375
          },
          {
            "control": false,
            "frequency": 452.275
          },
          {
            "control": false,
            "frequency": 452.8125
          },
          {
            "control": false,
            "frequency": 461.6625
          },
          {
            "control": false,
            "frequency": 461.9375
          }
        ],
        "site": {
          "systemName": "Concord Hospital",
          "siteUniqueDBID": "17563",
          "siteDescription": "Confirmed LCN",
          "siteCountyLocation": "Merrimack",
          "siteNeighbors": "N/A",
          "siteLocation": "N/A",
          "siteModulation": "N/A",
          "siteNotes": "None",
          "range": {
            "distance": 5,
            "units": "miles"
          }
        },
        "siteCounty": {},
        "siteID": 17563,
        "siteLink": "/apps/db/?siteId=17563",
        "siteName": "Confirmed LCN"
      }
    ],
    "state": "New Hampshire",
    "systemID": "6832",
    "systemName": "Concord Hospital",
    "systemType": "LTR Standard",
    "systemVoice": "Analog",
    "uniqueIdentifier": "s-6832&opt=all_tg",
    "url": "https://www.radioreference.com/apps/db/?sid=6832&opt=all_tg",
    "talkgroups": {
      "All": [
        {
          "decimal": "0-01-001",
          "description": "Security Primary",
          "group": "All",
          "mode": "ANALOG",
          "tag": "Security"
        },
        {
          "decimal": "0-01-010",
          "description": "Security Tactical",
          "group": "All",
          "mode": "ANALOG",
          "tag": "Security"
        }
      ]
    }
  }
]